Burst starts (s), Burst ends(A)
1626158126.2333055, 1626158128.2366776
1626158128.2522988, 1626158130.258386
1626158130.2946362, 1626158132.3057501
1626158132.3213723, 1626158134.3784258
1626158134.3864958, 1626158136.4002564
