Burst starts (s), Burst ends(A)
1626159133.29363, 1626159135.3010755
1626159135.3320835, 1626159137.3437214
1626159137.35935, 1626159139.367135
1626159139.367135, 1626159141.3836448
1626159141.3992693, 1626159143.410898
