Burst starts (s), Burst ends(A)
1626158080.0063596, 1626158082.0146158
1626158082.0461307, 1626158084.068766
1626158084.068766, 1626158086.0891364
1626158086.1093018, 1626158088.1301181
1626158088.1472776, 1626158090.1670592
