Burst starts (s), Burst ends(A)
1626161148.4826236, 1626161150.4979687
1626161150.5024784, 1626161152.5266504
1626161152.542545, 1626161154.5657585
1626161154.5979989, 1626161156.6041496
1626161156.6194816, 1626161158.6305797
