Burst starts (s), Burst ends(A)
1626159380.912538, 1626159382.9199877
1626159382.935623, 1626159384.9597156
1626159384.9756227, 1626159386.9825985
1626159386.9979734, 1626159389.0065176
1626159389.0218618, 1626159391.044462
