Burst starts (s), Burst ends(A)
1626163378.0800135, 1626163380.0875525
1626163380.103386, 1626163382.1271968
1626163382.1741505, 1626163384.1938324
1626163384.2003388, 1626163386.206396
1626163386.2553232, 1626163388.2779934
