Burst starts (s), Burst ends(A)
1626160077.5808837, 1626160079.602416
1626160079.6180737, 1626160081.6421025
1626160081.6940231, 1626160083.7178524
1626160083.7493768, 1626160085.7697864
1626160085.8022864, 1626160087.8469765
