Burst starts (s), Burst ends(A)
1626161613.864417, 1626161615.8760028
1626161615.9073012, 1626161617.9139986
1626161617.9293747, 1626161619.9522145
1626161619.9522145, 1626161621.9736674
1626161621.9942312, 1626161624.0171788
