Burst starts (s), Burst ends(A)
1626159953.8100066, 1626159955.8171415
1626159955.8639557, 1626159957.8965998
1626159957.912229, 1626159959.9191866
1626159959.9346676, 1626159961.9592867
1626159961.990292, 1626159964.0176873
