Burst starts (s), Burst ends(A)
1626159318.5469916, 1626159320.5580475
1626159320.5896163, 1626159322.6123843
1626159322.6123843, 1626159324.633596
1626159324.6505036, 1626159326.6772807
1626159326.693134, 1626159328.71757
