Burst starts (s), Burst ends(A)
1626161784.3371198, 1626161786.3440886
1626161786.3765614, 1626161788.3970108
1626161788.4126136, 1626161790.4210794
1626161790.4573367, 1626161792.4808834
1626161792.4965043, 1626161794.5160632
