Burst starts (s), Burst ends(A)
1626161893.0382662, 1626161895.0621972
1626161895.0672054, 1626161897.07358
1626161897.089215, 1626161899.0966966
1626161899.1120355, 1626161901.1347153
1626161901.1832523, 1626161903.1945996
