Burst starts (s), Burst ends(A)
1626159148.7115624, 1626159150.7181444
1626159150.7335227, 1626159152.742026
1626159152.7574058, 1626159154.7801774
1626159154.7801774, 1626159156.803095
1626159156.8081205, 1626159158.8154552
