Burst starts (s), Burst ends(A)
1626161567.252708, 1626161569.2784657
1626161569.2865908, 1626161571.2977972
1626161571.3182445, 1626161573.3277156
1626161573.3433514, 1626161575.3651593
1626161575.3962452, 1626161577.4059875
