Burst starts (s), Burst ends(A)
1626162759.7941663, 1626162761.8002687
1626162761.81739, 1626162763.8376107
1626162763.8529577, 1626162765.8621202
1626162765.8936453, 1626162767.9203994
1626162767.9203994, 1626162769.9449131
