Burst starts (s), Burst ends(A)
1626160682.6182613, 1626160684.6242902
1626160684.6399245, 1626160686.6626844
1626160686.6996427, 1626160688.7030437
1626160688.7184055, 1626160690.7617211
1626160690.7770896, 1626160692.7992723
