Burst starts (s), Burst ends(A)
1626160340.5005968, 1626160342.5110784
1626160342.5438292, 1626160344.5652678
1626160344.6343591, 1626160346.6562798
1626160346.6813831, 1626160348.6946533
1626160348.710159, 1626160350.7379315
