Burst starts (s), Burst ends(A)
1626162697.8432257, 1626162699.8508236
1626162699.8662841, 1626162701.892591
1626162701.9190161, 1626162703.9339423
1626162703.9339423, 1626162706.2453609
1626162706.2453609, 1626162708.7522485
