Burst starts (s), Burst ends(A)
1626160744.862046, 1626160746.887378
1626160746.9405453, 1626160748.947514
1626160748.9631472, 1626160750.9879205
1626160751.0188737, 1626160753.039222
1626160753.0756068, 1626160755.0822275
