Burst starts (s), Burst ends(A)
1626159210.3931856, 1626159212.4160678
1626159212.4160678, 1626159214.439091
1626159214.4875107, 1626159216.510025
1626159216.5150383, 1626159218.5391686
1626159218.5545077, 1626159220.5617013
