Burst starts (s), Burst ends(A)
1626158482.699324, 1626158484.7204053
1626158484.7410204, 1626158486.7464597
1626158486.7621963, 1626158488.7847147
1626158488.8003144, 1626158490.8087966
1626158490.8758473, 1626158492.8827705
