Burst starts (s), Burst ends(A)
1626159876.6886797, 1626159878.7033343
1626159878.718685, 1626159880.7364626
1626159880.784823, 1626159882.8062055
1626159882.8215709, 1626159884.8442988
1626159884.8473473, 1626159886.8694348
