Burst starts (s), Burst ends(A)
1626162682.2410238, 1626162684.247758
1626162684.263099, 1626162686.2711754
1626162686.302458, 1626162688.311098
1626162688.3642533, 1626162690.3735065
1626162690.3893514, 1626162692.4109833
