Burst starts (s), Burst ends(A)
1626161706.962633, 1626161708.9708912
1626161708.9867988, 1626161711.010945
1626161711.010945, 1626161713.032164
1626161713.0474923, 1626161715.0529797
1626161715.0684266, 1626161717.0913947
