Burst starts (s), Burst ends(A)
1626158838.6489108, 1626158840.6560984
1626158840.687627, 1626158842.7151303
1626158842.7151303, 1626158844.7373643
1626158844.7373643, 1626158846.746474
1626158846.7792146, 1626158848.7984118
