Burst starts (s), Burst ends(A)
1626158854.1691415, 1626158856.176786
1626158856.208308, 1626158858.2295432
1626158858.2451644, 1626158860.2684555
1626158860.3067515, 1626158862.3266776
1626158862.3592255, 1626158864.3668795
