Burst starts (s), Burst ends(A)
1626160914.9304051, 1626160916.9365141
1626160916.9518516, 1626160918.978852
1626160918.978852, 1626160921.0015159
1626160921.0183618, 1626160923.0400817
1626160923.0557055, 1626160925.0787187
