Burst starts (s), Burst ends(A)
1626161459.422252, 1626161461.44827
1626161461.5110474, 1626161463.5364344
1626161463.5566013, 1626161465.5801153
1626161465.5957723, 1626161467.6013405
1626161467.6482172, 1626161469.6764448
