Burst starts (s), Burst ends(A)
1626160573.9202824, 1626160575.94357
1626160575.9589453, 1626160577.9744806
1626160577.9849877, 1626160579.990698
1626160580.006439, 1626160582.0271223
1626160582.0439475, 1626160584.0603058
