Burst starts (s), Burst ends(A)
1626158513.580811, 1626158515.6040223
1626158515.6400154, 1626158517.6611638
1626158517.6611638, 1626158519.6834457
1626158519.699864, 1626158521.7076735
1626158521.7389178, 1626158523.7648804
