Burst starts (s), Burst ends(A)
1626158095.4109225, 1626158097.418597
1626158097.4343333, 1626158099.4598377
1626158099.4598377, 1626158101.4819894
1626158101.5298042, 1626158103.5347042
1626158103.5515184, 1626158105.573403
