Burst starts (s), Burst ends(A)
1626169843.1502783, 1626169845.1650407
1626169845.1818151, 1626169847.193902
1626169847.2144344, 1626169849.2373924
1626169849.2527325, 1626169851.2580633
1626169851.3112984, 1626169853.3340302
