Burst starts (s), Burst ends(A)
1626170246.2530227, 1626170248.2767289
1626170248.3079681, 1626170250.3347292
1626170250.3347292, 1626170252.357926
1626170252.3733354, 1626170254.3818583
1626170254.413, 1626170256.4353163
