Burst starts (s), Burst ends(A)
1626169623.4187992, 1626169625.427882
1626169625.4594166, 1626169627.4804485
1626169627.51454, 1626169629.5386808
1626169629.5545752, 1626169631.576255
1626169631.5918763, 1626169633.6149278
