Burst starts (s), Burst ends(A)
1626170587.559624, 1626170589.5811782
1626170589.6018946, 1626170591.6253598
1626170591.6579173, 1626170593.6864789
1626170593.6885762, 1626170595.7034998
1626170595.7397757, 1626170597.7630992
