Burst starts (s), Burst ends(A)
1626170199.9432952, 1626170201.953707
1626170201.9911797, 1626170204.013696
1626170204.0807738, 1626170206.087504
1626170206.1031303, 1626170208.126605
1626170208.1422684, 1626170210.166471
