Burst starts (s), Burst ends(A)
1626171378.7882526, 1626171380.794051
1626171380.830517, 1626171382.852282
1626171382.8834274, 1626171384.8915174
1626171384.9068184, 1626171386.928649
1626171386.933654, 1626171388.9403005
