Burst starts (s), Burst ends(A)
1626170184.4125502, 1626170186.4340568
1626170186.4351058, 1626170188.4410913
1626170188.4732988, 1626170190.4971638
1626170190.4971638, 1626170192.5182936
1626170192.5182936, 1626170194.540701
