Burst starts (s), Burst ends(A)
1626170463.3273942, 1626170465.3515375
1626170465.3669114, 1626170467.3723946
1626170467.4100108, 1626170469.4155872
1626170469.4337733, 1626170471.4585352
1626170471.489912, 1626170473.497498
