Burst starts (s), Burst ends(A)
1626170168.910046, 1626170170.91345
1626170170.9649062, 1626170172.98827
1626170173.0204787, 1626170175.043823
1626170175.0597124, 1626170177.087911
1626170177.087911, 1626170179.111186
