Burst starts (s), Burst ends(A)
1626170867.1209974, 1626170869.1444957
1626170869.1602817, 1626170871.1832623
1626170871.1989214, 1626170873.2227368
1626170873.2381315, 1626170875.250693
1626170875.2821267, 1626170877.2898972
