Burst starts (s), Burst ends(A)
1626169546.2727876, 1626169548.2771254
1626169548.2924547, 1626169550.301017
1626169550.3163266, 1626169552.3372662
1626169552.3526337, 1626169554.3642073
1626169554.3954892, 1626169556.4054496
