Burst starts (s), Burst ends(A)
1626170649.7464092, 1626170651.7689397
1626170651.7845538, 1626170653.8070161
1626170653.8585749, 1626170655.886613
1626170655.9178412, 1626170657.925632
1626170657.9585316, 1626170659.9807467
