Burst starts (s), Burst ends(A)
1626170137.7612233, 1626170139.7836096
1626170139.8004427, 1626170141.8226995
1626170141.8380733, 1626170143.860739
1626170143.8811047, 1626170145.8861048
1626170145.9176326, 1626170147.9413662
