Burst starts (s), Burst ends(A)
1625877151.6614623, 1625877153.6754892
1625877153.7187665, 1625877155.7309284
1625877155.7474585, 1625877157.752505
1625877157.8033986, 1625877159.8099465
1625877159.8516328, 1625877161.8650804
