Burst starts (s), Burst ends(A)
1625873591.5177455, 1625873593.5200841
1625873593.56668, 1625873595.574676
1625873595.6509254, 1625873597.665322
1625873597.6770403, 1625873599.688373
1625873599.7148507, 1625873601.725499
