Burst starts (s), Burst ends(A)
1625875603.389699, 1625875605.3989766
1625875605.41345, 1625875607.4194217
1625875607.4530728, 1625875609.4591455
1625875609.5357969, 1625875611.5645227
1625875611.615641, 1625875613.6235948
