Burst starts (s), Burst ends(A)
1625902075.7687716, 1625902077.7864356
1625902077.8314564, 1625902079.8456898
1625902079.8623743, 1625902081.8670282
1625902081.9420042, 1625902083.9756494
1625902084.0044172, 1625902086.0110214
