Burst starts (s), Burst ends(A)
1625875203.9691458, 1625875205.9908497
1625875206.0224123, 1625875208.0455093
1625875208.1068933, 1625875210.1214168
1625875210.1621182, 1625875212.1807559
1625875212.2372248, 1625875214.2511704
