Burst starts (s), Burst ends(A)
1625880358.0941217, 1625880360.0995972
1625880360.1479712, 1625880362.1593595
1625880362.1834016, 1625880364.1967785
1625880364.286586, 1625880366.303742
1625880366.3170621, 1625880368.32491
