Burst starts (s), Burst ends(A)
1625880941.9007587, 1625880943.9152532
1625880943.971905, 1625880945.9759307
1625880946.0650647, 1625880948.0671215
1625880948.1239045, 1625880950.1403997
1625880950.192788, 1625880952.1941724
