Burst starts (s), Burst ends(A)
1625875296.1307611, 1625875298.137738
1625875298.178175, 1625875300.191104
1625875300.2539606, 1625875302.2665844
1625875302.3116806, 1625875304.3205884
1625875304.3605802, 1625875306.362258
