Burst starts (s), Burst ends(A)
1625876937.1036112, 1625876939.107975
1625876939.1999922, 1625876941.2145112
1625876941.2846017, 1625876943.289873
1625876943.3327162, 1625876945.3443837
1625876945.3885725, 1625876947.40335
