Burst starts (s), Burst ends(A)
1625881049.5393572, 1625881051.5485792
1625881051.5884275, 1625881053.5875876
1625881053.652034, 1625881055.6608505
1625881055.7072308, 1625881057.715712
1625881057.761576, 1625881059.7742343
