Burst starts (s), Burst ends(A)
1625878055.2572453, 1625878057.2654705
1625878057.330158, 1625878059.342122
1625878059.3997905, 1625878061.415651
1625878061.4922395, 1625878063.508534
1625878063.5379095, 1625878065.546459
