Burst starts (s), Burst ends(A)
1625877427.3796463, 1625877429.3898983
1625877429.416489, 1625877431.429795
1625877431.4610496, 1625877433.4832554
1625877433.513096, 1625877435.5274339
1625877435.5557544, 1625877437.566433
