Burst starts (s), Burst ends(A)
1625901764.6564198, 1625901766.6691554
1625901766.7260845, 1625901768.7402487
1625901768.7968464, 1625901770.8131657
1625901770.8735864, 1625901772.8867958
1625901772.9314108, 1625901774.9419038
