Burst starts (s), Burst ends(A)
1625880250.5217478, 1625880252.5319226
1625880252.575261, 1625880254.5857055
1625880254.6281886, 1625880256.6283786
1625880256.6855521, 1625880258.6992188
1625880258.7211542, 1625880260.7350867
