Burst starts (s), Burst ends(A)
1625901873.3209474, 1625901875.3474195
1625901875.3609567, 1625901877.3705988
1625901877.3826602, 1625901879.390955
1625901879.4056454, 1625901881.417307
1625901881.444287, 1625901883.4530165
