Burst starts (s), Burst ends(A)
1625881459.819331, 1625881461.8375
1625881461.8851836, 1625881463.8952594
1625881463.9524171, 1625881465.9692805
1625881466.0202208, 1625881468.0387897
1625881468.1163964, 1625881470.127541
