Burst starts (s), Burst ends(A)
1625876339.3046315, 1625876341.3191583
1625876341.3963916, 1625876343.409809
1625876343.4566548, 1625876345.46443
1625876345.491453, 1625876347.5066302
1625876347.5525253, 1625876349.5616868
