Burst starts (s), Burst ends(A)
1625875756.5707145, 1625875758.5775092
1625875758.6344855, 1625875760.635203
1625875760.69756, 1625875762.705767
1625875762.745981, 1625875764.7639985
1625875764.7978237, 1625875766.8027573
