Burst starts (s), Burst ends(A)
1625881813.4293892, 1625881815.4419382
1625881815.4967897, 1625881817.5097938
1625881817.5553045, 1625881819.5543306
1625881819.6009598, 1625881821.609171
1625881821.6513562, 1625881823.6667855
