Burst starts (s), Burst ends(A)
1625880680.590462, 1625880682.6033282
1625880682.627201, 1625880684.6398923
1625880684.7010365, 1625880686.7159007
1625880686.7564306, 1625880688.7738628
1625880688.818152, 1625880690.8284147
