Burst starts (s), Burst ends(A)
1625876431.4594302, 1625876433.4594293
1625876433.5237596, 1625876435.53455
1625876435.5932739, 1625876437.600799
1625876437.6479478, 1625876439.6472614
1625876439.6692574, 1625876441.6709893
