Burst starts (s), Burst ends(A)
1625899617.178305, 1625899619.1863406
1625899619.2062306, 1625899621.2274845
1625899621.2622986, 1625899623.2817805
1625899623.2972083, 1625899625.323798
1625899625.3394651, 1625899627.3617322
