Burst starts (s), Burst ends(A)
1625901935.808492, 1625901937.8176136
1625901937.8785527, 1625901939.89124
1625901939.9075117, 1625901941.9155474
1625901941.9930024, 1625901944.005448
1625901944.0367105, 1625901946.0443609
