Burst starts (s), Burst ends(A)
1625874191.1060398, 1625874193.1274211
1625874193.1689515, 1625874195.2006085
1625874195.2338789, 1625874197.238301
1625874197.2790892, 1625874199.297467
1625874199.3295665, 1625874201.3487434
