Burst starts (s), Burst ends(A)
1625873714.540351, 1625873716.5424776
1625873716.621326, 1625873718.6349385
1625873718.6732843, 1625873720.6870663
1625873720.732023, 1625873722.7442827
1625873722.8176024, 1625873724.8364732
