Burst starts (s), Burst ends(A)
1625902091.2261517, 1625902093.256751
1625902093.264837, 1625902095.275892
1625902095.286651, 1625902097.3008213
1625902097.3121855, 1625902099.3233223
1625902099.3739054, 1625902101.3810546
