Burst starts (s), Burst ends(A)
1625876799.382212, 1625876801.3928668
1625876801.4228938, 1625876803.4345915
1625876803.4958434, 1625876805.5093482
1625876805.518378, 1625876807.5314856
1625876807.561291, 1625876809.5705075
