Burst starts (s), Burst ends(A)
1625874911.8234994, 1625874913.8351653
1625874913.9010532, 1625874915.9149237
1625874915.9779735, 1625874917.9846642
1625874918.0103793, 1625874920.0213113
1625874920.0619328, 1625874922.0765352
