Burst starts (s), Burst ends(A)
1625875695.169071, 1625875697.1884956
1625875697.25733, 1625875699.2612538
1625875699.2869928, 1625875701.299732
1625875701.3715053, 1625875703.3747213
1625875703.4117286, 1625875705.4129639
