Burst starts (s), Burst ends(A)
1625877350.7761006, 1625877352.7842448
1625877352.8575761, 1625877354.8775072
1625877354.9531596, 1625877356.966667
1625877357.0122552, 1625877359.0212743
1625877359.102689, 1625877361.1099112
