Burst starts (s), Burst ends(A)
1625879160.5829232, 1625879162.5947683
1625879162.6404314, 1625879164.6802127
1625879164.7064939, 1625879166.7071774
1625879166.7409365, 1625879168.74729
1625879168.82077, 1625879170.8352594
