Burst starts (s), Burst ends(A)
1625882810.668306, 1625882812.67401
1625882812.7367506, 1625882814.752558
1625882814.7740204, 1625882816.7864623
1625882816.848633, 1625882818.8579712
1625882818.9102352, 1625882820.9201167
