Burst starts (s), Burst ends(A)
1625901453.2819686, 1625901455.288329
1625901455.319544, 1625901457.344846
1625901457.3763697, 1625901459.392529
1625901459.4227538, 1625901461.4381495
1625901461.4846163, 1625901463.496754
