Burst starts (s), Burst ends(A)
1625882749.2439961, 1625882751.2553747
1625882751.2858274, 1625882753.2947223
1625882753.3517528, 1625882755.353306
1625882755.3990517, 1625882757.4073565
1625882757.4700603, 1625882759.4820907
