Burst starts (s), Burst ends(A)
1625875480.7262278, 1625875482.7265105
1625875482.748699, 1625875484.7480786
1625875484.8076346, 1625875486.8169677
1625875486.8782926, 1625875488.9078395
1625875488.9288368, 1625875490.931285
