Burst starts (s), Burst ends(A)
1625876891.149037, 1625876893.1621306
1625876893.192479, 1625876895.2026112
1625876895.2445116, 1625876897.2572737
1625876897.3057199, 1625876899.31617
1625876899.3673308, 1625876901.3730006
