Burst starts (s), Burst ends(A)
1625882319.8442543, 1625882321.9139225
1625882321.942011, 1625882323.9568071
1625882323.9685538, 1625882325.9800339
1625882326.0142295, 1625882328.0175354
1625882328.0628717, 1625882330.0757222
