Burst starts (s), Burst ends(A)
1625901795.7355232, 1625901797.7367086
1625901797.802201, 1625901799.812729
1625901799.8318179, 1625901801.8487356
1625901801.882087, 1625901803.8931491
1625901803.9383812, 1625901805.9475539
