Burst starts (s), Burst ends(A)
1625881187.310181, 1625881189.3181267
1625881189.3614464, 1625881191.3726168
1625881191.4161222, 1625881193.427818
1625881193.5222168, 1625881195.5386345
1625881195.570585, 1625881197.5760908
