Burst starts (s), Burst ends(A)
1625882535.0604916, 1625882537.0761304
1625882537.1181788, 1625882539.132969
1625882539.1544135, 1625882541.1658885
1625882541.2129407, 1625882543.2242272
1625882543.2497668, 1625882545.2496393
