Burst starts (s), Burst ends(A)
1625901686.5724785, 1625901688.5750487
1625901688.5992866, 1625901690.612347
1625901690.659844, 1625901692.6711233
1625901692.6890957, 1625901694.6946867
1625901694.7458038, 1625901696.7545326
