Burst starts (s), Burst ends(A)
1625880865.492463, 1625880867.5068183
1625880867.5484812, 1625880869.5609186
1625880869.6202738, 1625880871.6354623
1625880871.692146, 1625880873.7056346
1625880873.7688832, 1625880875.7809434
