Burst starts (s), Burst ends(A)
1625879882.7296836, 1625879884.7341564
1625879884.788935, 1625879886.810302
1625879886.840261, 1625879888.842877
1625879888.9311407, 1625879890.9401698
1625879891.0042796, 1625879893.0154624
