Burst starts (s), Burst ends(A)
1625876109.423028, 1625876111.4372463
1625876111.5036008, 1625876113.5082421
1625876113.543605, 1625876115.5522618
1625876115.6098347, 1625876117.6270537
1625876117.6776998, 1625876119.6815479
