Burst starts (s), Burst ends(A)
1625878622.6082163, 1625878624.6365535
1625878624.6919956, 1625878626.6965404
1625878626.7394896, 1625878628.7515903
1625878628.7791295, 1625878630.7906575
1625878630.8077347, 1625878632.8163676
