Burst starts (s), Burst ends(A)
1625880911.3518057, 1625880913.3651114
1625880913.435231, 1625880915.4388602
1625880915.4942462, 1625880917.5086205
1625880917.5461996, 1625880919.555935
1625880919.6105, 1625880921.6166506
