Burst starts (s), Burst ends(A)
1625874927.25432, 1625874929.2681143
1625874929.324346, 1625874931.3418863
1625874931.3939471, 1625874933.4118514
1625874933.4884698, 1625874935.502199
1625874935.535353, 1625874937.722984
