Burst starts (s), Burst ends(A)
1625877197.7393966, 1625877199.7509413
1625877199.8134449, 1625877201.8259192
1625877201.8496177, 1625877203.8648458
1625877203.8978708, 1625877205.8969324
1625877205.9200246, 1625877207.9334557
