Burst starts (s), Burst ends(A)
1625883193.2626822, 1625883195.2789614
1625883195.326799, 1625883197.3356185
1625883197.3652015, 1625883199.3732452
1625883199.431049, 1625883201.4431179
1625883201.4562573, 1625883203.472752
