Burst starts (s), Burst ends(A)
1625874436.20132, 1625874438.2171326
1625874438.257495, 1625874440.2706099
1625874440.335784, 1625874442.3441079
1625874442.4047897, 1625874444.4171646
1625874444.4352486, 1625874446.4393299
