Burst starts (s), Burst ends(A)
1625875357.7259204, 1625875359.7479403
1625875359.7752094, 1625875361.787335
1625875361.8331099, 1625875363.8471117
1625875363.8879883, 1625875365.9000912
1625875365.9404306, 1625875367.9580004
