Burst starts (s), Burst ends(A)
1625879406.2400973, 1625879408.2403793
1625879408.2815194, 1625879410.295597
1625879410.3183546, 1625879412.319409
1625879412.3822596, 1625879414.393144
1625879414.4539433, 1625879416.4663613
