Burst starts (s), Burst ends(A)
1625882351.020242, 1625882353.0257347
1625882353.0552127, 1625882355.0634484
1625882355.1210613, 1625882357.1210113
1625882357.1577864, 1625882359.1608717
1625882359.2296932, 1625882361.2356484
