Burst starts (s), Burst ends(A)
1625881232.5204933, 1625881234.5304081
1625881234.579985, 1625881236.588657
1625881236.6178346, 1625881238.6268892
1625881238.6733387, 1625881240.6835096
1625881240.7276356, 1625881242.7372026
