Burst starts (s), Burst ends(A)
1625880588.3223155, 1625880590.3320115
1625880590.3891578, 1625880592.4052863
1625880592.449595, 1625880594.4644833
1625880594.5209546, 1625880596.5356672
1625880596.5597517, 1625880598.572927
