Burst starts (s), Burst ends(A)
1625880603.7347357, 1625880605.7486975
1625880605.8377888, 1625880607.8404644
1625880607.908142, 1625880609.915023
1625880609.97231, 1625880611.9856646
1625880612.0423024, 1625880614.04368
