Burst starts (s), Burst ends(A)
1625879575.2877505, 1625879577.293338
1625879577.339073, 1625879579.3520148
1625879579.4034727, 1625879581.4102752
1625879581.4667647, 1625879583.479621
1625879583.5570858, 1625879585.569925
