Burst starts (s), Burst ends(A)
1625873991.0137897, 1625873993.0168383
1625873993.110865, 1625873995.1245403
1625873995.1887064, 1625873997.1984417
1625873997.2881165, 1625873999.3046896
1625873999.3477886, 1625874001.3593624
