Burst starts (s), Burst ends(A)
1625881202.45407, 1625881204.4660714
1625881204.5078318, 1625881206.5204718
1625881206.5761876, 1625881208.5795376
1625881208.6043222, 1625881210.6201406
1625881210.6882443, 1625881212.693878
