Burst starts (s), Burst ends(A)
1625899632.6561208, 1625899634.66498
1625899634.6817076, 1625899636.6877306
1625899636.714755, 1625899638.725558
1625899638.7460525, 1625899640.7474933
1625899640.7688334, 1625899642.7742608
