Burst starts (s), Burst ends(A)
1625882135.9222467, 1625882137.932179
1625882137.963399, 1625882139.9668534
1625882139.9916115, 1625882141.9946113
1625882142.0642703, 1625882144.0689948
1625882144.1311884, 1625882146.1439385
