Burst starts (s), Burst ends(A)
1625884113.1393664, 1625884115.1670668
1625884115.1961646, 1625884117.2103727
1625884117.2608147, 1625884119.2675169
1625884119.3038492, 1625884121.3068724
1625884121.375576, 1625884123.38089
