Burst starts (s), Burst ends(A)
1625901593.1227996, 1625901595.1232386
1625901595.1546295, 1625901597.162363
1625901597.1946924, 1625901599.2032683
1625901599.2349336, 1625901601.2423413
1625901601.2877648, 1625901603.3006396
