Burst starts (s), Burst ends(A)
1625881141.442328, 1625881143.456972
1625881143.5018656, 1625881145.5096548
1625881145.5393891, 1625881147.5516853
1625881147.623947, 1625881149.6332312
1625881149.6610496, 1625881151.6746056
