Burst starts (s), Burst ends(A)
1625883913.4648037, 1625883915.4755065
1625883915.5125232, 1625883917.5199783
1625883917.581376, 1625883919.5902274
1625883919.6622095, 1625883921.6803868
1625883921.7517405, 1625883923.7565587
