Burst starts (s), Burst ends(A)
1625624921.6221898, 1625624923.6290524
1625624923.6579187, 1625624925.6662698
1625624925.6833174, 1625624927.697599
1625624927.734606, 1625624929.7501683
1625624929.7501683, 1625624931.7790174
