Burst starts (s), Burst ends(A)
1625628831.928138, 1625628833.9329743
1625628833.953819, 1625628835.967811
1625628835.972428, 1625628837.9976904
1625628838.0108342, 1625628840.0145955
1625628840.0723164, 1625628842.0857167
