Burst starts (s), Burst ends(A)
1625629187.470491, 1625629189.4775195
1625629189.496898, 1625629191.5114398
1625629191.5781546, 1625629193.5833683
1625629193.6090736, 1625629195.6232557
1625629195.6232557, 1625629197.6454756
