Burst starts (s), Burst ends(A)
1625625542.4314106, 1625625544.4452062
1625625544.5074224, 1625625546.507773
1625625546.575327, 1625625548.595783
1625625548.6065369, 1625625550.6170807
1625625550.675422, 1625625552.688742
