Burst starts (s), Burst ends(A)
1625632495.1900947, 1625632497.2260437
1625632497.285127, 1625632499.3134966
1625632499.3847773, 1625632501.4011457
1625632501.4295537, 1625632503.4519832
1625632503.4628754, 1625632505.4783401
