Burst starts (s), Burst ends(A)
1625632433.0993454, 1625632435.1241322
1625632435.1282148, 1625632437.161533
1625632437.1679444, 1625632439.1966848
1625632439.2697275, 1625632441.299178
1625632441.3113732, 1625632443.3466027
