Burst starts (s), Burst ends(A)
1625627391.3219419, 1625627393.3251257
1625627393.353224, 1625627395.3637464
1625627395.3963034, 1625627397.4191308
1625627397.4629786, 1625627399.4783163
1625627399.4794228, 1625627401.506982
