Burst starts (s), Burst ends(A)
1625629233.794719, 1625629235.8026102
1625629235.830851, 1625629237.8394794
1625629237.8665352, 1625629239.8765619
1625629239.906139, 1625629241.921464
1625629241.9250786, 1625629243.9517777
