Burst starts (s), Burst ends(A)
1625627732.73141, 1625627734.7482946
1625627734.7860258, 1625627736.807311
1625627736.840283, 1625627738.8560994
1625627738.8581932, 1625627740.8856854
1625627740.8974352, 1625627742.902076
