Burst starts (s), Burst ends(A)
1625624378.419321, 1625624380.4399307
1625624380.5107117, 1625624382.526964
1625624382.5590272, 1625624384.57984
1625624384.5942988, 1625624386.602508
1625624386.634003, 1625624388.639848
