Burst starts (s), Burst ends(A)
1625633211.1311522, 1625633213.1543162
1625633213.2161028, 1625633215.2382832
1625633215.2780385, 1625633217.293112
1625633217.3180134, 1625633219.3483024
1625633219.3955777, 1625633221.4265287
