Burst starts (s), Burst ends(A)
1625625356.2070556, 1625625358.2242625
1625625358.2384415, 1625625360.2438264
1625625360.2734327, 1625625362.2799957
1625625362.3105984, 1625625364.3236227
1625625364.3397834, 1625625366.3548768
