Burst starts (s), Burst ends(A)
1625626723.2718685, 1625626725.8446028
1625626725.8763485, 1625626727.881547
1625626727.9018295, 1625626729.9165242
1625626729.9479725, 1625626731.9563625
1625626731.9778159, 1625626733.9925172
