Burst starts (s), Burst ends(A)
1625631578.0378058, 1625631580.0700908
1625631580.1204705, 1625631582.1570187
1625631582.1570187, 1625631584.1932876
1625631584.2197604, 1625631586.2496471
1625631586.26451, 1625631588.2969737
