Burst starts (s), Burst ends(A)
1625628305.6527314, 1625628307.6661358
1625628307.7075527, 1625628309.708337
1625628309.7435908, 1625628311.769418
1625628311.7776952, 1625628313.7997015
1625628313.8442757, 1625628315.8528364
