Burst starts (s), Burst ends(A)
1625624409.6526935, 1625624411.6565044
1625624411.7157667, 1625624413.7253458
1625624413.7602715, 1625624415.7637634
1625624415.7964382, 1625624417.8329873
1625624417.8682015, 1625624419.8891835
