Burst starts (s), Burst ends(A)
1625628584.0412436, 1625628586.0478556
1625628586.0721774, 1625628588.0858717
1625628588.1103141, 1625628590.121562
1625628590.1781223, 1625628592.189825
1625628592.1923516, 1625628594.2163649
