Burst starts (s), Burst ends(A)
1625626334.2569036, 1625626336.2633889
1625626336.2793596, 1625626338.294063
1625626338.3179064, 1625626340.3323684
1625626340.3739944, 1625626342.3746903
1625626342.4103355, 1625626344.4316964
