Burst starts (s), Burst ends(A)
1625625775.6460762, 1625625777.6607976
1625625777.6935651, 1625625779.7186453
1625625779.7312741, 1625625781.7337918
1625625781.7692828, 1625625783.7732253
1625625783.7968507, 1625625785.8094132
