Burst starts (s), Burst ends(A)
1625627655.1523807, 1625627657.183423
1625627657.219867, 1625627659.226801
1625627659.2623143, 1625627661.2881176
1625627661.3286836, 1625627663.3353276
1625627663.3997617, 1625627665.4060223
