Burst starts (s), Burst ends(A)
1625624611.6513097, 1625624613.6788476
1625624613.6877933, 1625624615.708996
1625624615.7391005, 1625624617.7541137
1625624617.762605, 1625624619.7820325
1625624619.8594472, 1625624621.8701022
