Burst starts (s), Burst ends(A)
1625623693.7805114, 1625623695.7967012
1625623695.8113158, 1625623697.8198733
1625623697.8850453, 1625623699.9067047
1625623699.91666, 1625623701.9270515
1625623701.991339, 1625623704.003481
