Burst starts (s), Burst ends(A)
1625632929.868662, 1625632931.899514
1625632931.96837, 1625632934.0001035
1625632934.041471, 1625632936.0720823
1625632936.0811193, 1625632938.1035392
1625632938.1171243, 1625632940.122773
