Burst starts (s), Burst ends(A)
1625628862.8243315, 1625628864.8528516
1625628864.8599517, 1625628866.8852854
1625628866.9503877, 1625628868.965179
1625628868.9693232, 1625628870.994116
1625628871.0247447, 1625628873.040006
