Burst starts (s), Burst ends(A)
1625629653.2181182, 1625629655.2224276
1625629655.2473104, 1625629657.2610092
1625629657.3253555, 1625629659.3534002
1625629659.3667405, 1625629661.3717725
1625629661.4052048, 1625629663.4072728
