Burst starts (s), Burst ends(A)
1625627453.104997, 1625627455.1119456
1625627455.1748276, 1625627457.2015524
1625627457.2431674, 1625627459.252764
1625627459.2795851, 1625627461.2930455
1625627461.325732, 1625627463.353915
