Burst starts (s), Burst ends(A)
1625633505.4865909, 1625633507.5168128
1625633507.551118, 1625633509.5605245
1625633509.6230094, 1625633511.6295168
1625633511.6594646, 1625633513.6693587
1625633513.7022405, 1625633515.7314773
