Burst starts (s), Burst ends(A)
1625629900.5190358, 1625629902.5410123
1625629902.5559206, 1625629904.5626178
1625629904.5952778, 1625629906.6220539
1625629906.665826, 1625629908.6699743
1625629908.7027915, 1625629910.7080467
