Burst starts (s), Burst ends(A)
1625631233.4019306, 1625631235.4320142
1625631235.4721723, 1625631237.5071235
1625631237.54304, 1625631239.573882
1625631239.6086771, 1625631241.6389806
1625631241.6507707, 1625631243.6872244
