Burst starts (s), Burst ends(A)
1625628321.122724, 1625628323.1289723
1625628323.1465704, 1625628325.1596262
1625628325.1682682, 1625628327.180256
1625628327.2063243, 1625628329.2078383
1625628329.2329266, 1625628331.2445517
