Burst starts (s), Burst ends(A)
1625625635.3682537, 1625625637.383822
1625625637.384934, 1625625639.4091058
1625625639.4491847, 1625625641.4590325
1625625641.4918976, 1625625643.5156288
1625625643.5243158, 1625625645.5315576
