Burst starts (s), Burst ends(A)
1625623461.4319193, 1625623463.446841
1625623463.4818206, 1625623465.4890506
1625623465.5214686, 1625623467.5502024
1625623467.5898523, 1625623469.5980349
1625623469.66534, 1625623471.6932187
