Burst starts (s), Burst ends(A)
1625630351.1996021, 1625630353.2181659
1625630353.2643425, 1625630355.271269
1625630355.2977192, 1625630357.3107002
1625630357.3107002, 1625630359.3344383
1625630359.3475087, 1625630361.3520837
