Burst starts (s), Burst ends(A)
1625629884.9221928, 1625629886.9284925
1625629886.9600356, 1625629888.9659884
1625629888.9979312, 1625629891.025522
1625629891.0939858, 1625629893.1058955
1625629893.1228762, 1625629895.1375241
