Burst starts (s), Burst ends(A)
1625624051.5575154, 1625624053.5800138
1625624053.6280816, 1625624055.634915
1625624055.6668098, 1625624057.672064
1625624057.6990094, 1625624059.706519
1625624059.7384734, 1625624061.7477067
