Burst starts (s), Burst ends(A)
1625628893.9651933, 1625628895.9721758
1625628896.0358348, 1625628898.0437908
1625628898.0752964, 1625628900.0964317
1625628900.1105707, 1625628902.120088
1625628902.15311, 1625628904.1585925
