Burst starts (s), Burst ends(A)
1625632883.4775517, 1625632885.5035765
1625632885.5142753, 1625632887.5173044
1625632887.5467992, 1625632889.5532463
1625632889.5822747, 1625632891.5936062
1625632891.6232116, 1625632893.6374962
