Burst starts (s), Burst ends(A)
1625626009.252722, 1625626011.2556696
1625626011.2846122, 1625626013.2983816
1625626013.3301501, 1625626015.344881
1625626015.3588028, 1625626017.3677917
1625626017.3677917, 1625626019.3975322
