Burst starts (s), Burst ends(A)
1625624565.360522, 1625624567.3685915
1625624567.4003472, 1625624569.421003
1625624569.4361312, 1625624571.4664237
1625624571.475594, 1625624573.4958901
1625624573.5387232, 1625624575.5538075
