Burst starts (s), Burst ends(A)
1625630784.0474133, 1625630786.0611439
1625630786.0926485, 1625630788.1252484
1625630788.1329484, 1625630790.1622922
1625630790.170361, 1625630792.1993234
1625630792.236503, 1625630794.261633
