Burst starts (s), Burst ends(A)
1625631858.1712515, 1625631860.1981285
1625631860.20598, 1625631862.2283888
1625631862.2482717, 1625631864.2782693
1625631864.284252, 1625631866.292629
1625631866.3514228, 1625631868.3644655
