Burst starts (s), Burst ends(A)
1625628506.852499, 1625628508.8671203
1625628508.9313211, 1625628510.942466
1625628510.942466, 1625628512.964894
1625628512.973255, 1625628514.9838934
1625628515.0129867, 1625628517.0204394
