Burst starts (s), Burst ends(A)
1625624627.379653, 1625624629.386723
1625624629.4189029, 1625624631.4385746
1625624631.4901853, 1625624633.5156732
1625624633.5270758, 1625624635.555154
1625624635.5848117, 1625624637.5999281
