Burst starts (s), Burst ends(A)
1625630660.5586927, 1625630662.5733774
1625630662.603054, 1625630664.6099176
1625630664.662825, 1625630666.6721716
1625630666.707664, 1625630668.7322369
1625630668.7415383, 1625630670.7458336
