Burst starts (s), Burst ends(A)
1625631359.7256012, 1625631361.7560546
1625631361.7846782, 1625631363.801291
1625631363.8278842, 1625631365.8596592
1625631365.8992467, 1625631367.9249191
1625631367.9387267, 1625631369.9542286
