Burst starts (s), Burst ends(A)
1625627810.086373, 1625627812.1030517
1625627812.1332068, 1625627814.1627035
1625627814.2370698, 1625627816.2467902
1625627816.2467902, 1625627818.2810304
1625627818.2821558, 1625627820.3092124
