Burst starts (s), Burst ends(A)
1625623258.696859, 1625623260.710424
1625623260.7443004, 1625623262.760726
1625623262.7896576, 1625623264.8046367
1625623264.8150754, 1625623266.8294303
1625623266.8594244, 1625623268.8748765
