Burst starts (s), Burst ends(A)
1625629264.8227298, 1625629266.8308132
1625629266.8566985, 1625629268.87095
1625629268.9332254, 1625629270.9396293
1625629270.9660056, 1625629272.9790287
1625629272.9790287, 1625629275.009131
