Burst starts (s), Burst ends(A)
1625629326.8338153, 1625629328.8482678
1625629328.8790562, 1625629330.8894339
1625629330.922244, 1625629332.9495966
1625629332.9894671, 1625629334.9984949
1625629335.0206432, 1625629337.034951
