Burst starts (s), Burst ends(A)
1625628368.543349, 1625628370.5539794
1625628370.5707343, 1625628372.5845046
1625628372.6514432, 1625628374.6657355
1625628374.694062, 1625628376.6964257
1625628376.7669475, 1625628378.7691455
