Burst starts (s), Burst ends(A)
1625629979.6979866, 1625629981.7084472
1625629981.7629488, 1625629983.7758162
1625629983.8005235, 1625629985.814843
1625629985.8414996, 1625629987.850987
1625629987.8753173, 1625629989.8892288
