Burst starts (s), Burst ends(A)
1625631437.8111663, 1625631439.8535333
1625631439.8752556, 1625631441.890385
1625631441.9228017, 1625631443.956214
1625631443.9602666, 1625631445.9973464
1625631446.0178971, 1625631448.034842
