Burst starts (s), Burst ends(A)
1625633602.0369563, 1625633604.0456047
1625633604.075308, 1625633606.0769434
1625633606.1081314, 1625633608.1129904
1625633608.1433866, 1625633610.1520352
1625633610.1733882, 1625633612.1897492
