Burst starts (s), Burst ends(A)
1625629559.9370537, 1625629561.9501107
1625629561.9563406, 1625629563.9771879
1625629564.0541778, 1625629566.0680485
1625629566.0680485, 1625629568.0984507
1625629568.1335008, 1625629570.1477447
