Burst starts (s), Burst ends(A)
1626135148.6181757, 1626135150.628077
1626135150.646108, 1626135152.6538796
1626135152.6867282, 1626135154.7084339
1626135154.7399518, 1626135156.7670326
1626135156.7829916, 1626135158.7905505
