Burst starts (s), Burst ends(A)
1626136137.9577193, 1626136139.9806962
1626136139.9971592, 1626136142.002126
1626136142.017791, 1626136144.07462
1626136144.0902953, 1626136146.160416
1626136146.175798, 1626136148.2365305
