Burst starts (s), Burst ends(A)
1626136091.4615014, 1626136093.4683013
1626136093.5028734, 1626136095.527865
1626136095.5436351, 1626136097.5648184
1626136097.5816689, 1626136099.608915
1626136099.657351, 1626136101.6641
