Burst starts (s), Burst ends(A)
1626135893.6268513, 1626135895.642821
1626135895.7053094, 1626135897.7198412
1626135897.773541, 1626135899.7984247
1626135899.7984247, 1626135901.817617
1626135901.8550608, 1626135903.8612757
