Burst starts (s), Burst ends(A)
1626135955.4777677, 1626135957.500074
1626135957.5156937, 1626135959.5431745
1626135959.5431745, 1626135961.56494
1626135961.5961792, 1626135963.62097
1626135963.6879215, 1626135965.7110028
