Burst starts (s), Burst ends(A)
1626136076.1232316, 1626136078.1359441
1626136078.1530879, 1626136080.1753163
1626136080.191228, 1626136082.2122762
1626136082.227647, 1626136084.2375937
1626136084.3064158, 1626136086.3136692
