Burst starts (s), Burst ends(A)
1626135505.1262193, 1626135507.1493204
1626135507.1659193, 1626135509.1899576
1626135509.2055678, 1626135511.2279437
1626135511.2489405, 1626135513.272139
1626135513.3031168, 1626135515.3252664
