Burst starts (s), Burst ends(A)
1626135599.092107, 1626135601.1518977
1626135601.1672428, 1626135603.1912892
1626135603.207186, 1626135605.2289941
1626135605.2496283, 1626135607.2872412
1626135607.2872412, 1626135609.3126116
