Burst starts (s), Burst ends(A)
1626134984.673892, 1626134986.6814873
1626134986.717946, 1626134988.731232
1626134988.7467742, 1626134990.7628791
1626134990.7943873, 1626134992.8167708
1626134992.8213258, 1626134994.8475509
