Burst starts (s), Burst ends(A)
1626135443.2311034, 1626135445.2533734
1626135445.284881, 1626135447.311206
1626135447.311206, 1626135449.3335261
1626135449.3491073, 1626135451.3566434
1626135451.4242249, 1626135453.4449854
