Burst starts (s), Burst ends(A)
1626168161.585519, 1626168163.6075795
1626168163.622973, 1626168165.6465614
1626168165.6621697, 1626168167.6911354
1626168167.7241359, 1626168169.7740455
1626168169.7904239, 1626168171.7981117
