Burst starts (s), Burst ends(A)
1626168503.172489, 1626168505.1956933
1626168505.2267847, 1626168507.2376935
1626168507.2540855, 1626168509.2777815
1626168509.3093767, 1626168511.3164952
1626168511.3317566, 1626168513.3379667
