Burst starts (s), Burst ends(A)
1626167290.6251118, 1626167292.634411
1626167292.649802, 1626167294.6724508
1626167294.6880662, 1626167296.7150445
1626167296.746342, 1626167298.7706234
1626167298.8021364, 1626167300.829054
