Burst starts (s), Burst ends(A)
1626169185.2493315, 1626169187.2619894
1626169187.2776177, 1626169189.297941
1626169189.352259, 1626169191.372117
1626169191.372117, 1626169193.393191
1626169193.393191, 1626169195.4158962
