Burst starts (s), Burst ends(A)
1626167461.6204762, 1626167463.639639
1626167463.654991, 1626167465.6780396
1626167465.7143166, 1626167467.7235448
1626167467.770453, 1626167469.7921891
1626167469.813248, 1626167471.835934
