Burst starts (s), Burst ends(A)
1626168098.191055, 1626168100.212478
1626168100.2283733, 1626168102.2550194
1626168102.2550194, 1626168104.2777872
1626168104.3099172, 1626168106.3180125
1626168106.369421, 1626168108.3920872
