Burst starts (s), Burst ends(A)
1626168177.1669946, 1626168179.190603
1626168179.190603, 1626168181.2110503
1626168181.2110503, 1626168183.2359238
1626168183.2359238, 1626168185.257569
1626168185.257569, 1626168187.280229
