Burst starts (s), Burst ends(A)
1626168719.8272443, 1626168721.8473053
1626168721.8626447, 1626168723.8712442
1626168723.9075465, 1626168725.9153118
1626168725.9307795, 1626168727.953276
1626168727.954335, 1626168729.9762795
