Burst starts (s), Burst ends(A)
1626167507.7188056, 1626167509.747377
1626167509.7644923, 1626167511.786119
1626167511.8015053, 1626167513.8214145
1626167513.858785, 1626167515.8832145
1626167515.8832145, 1626167518.7395234
