Burst starts (s), Burst ends(A)
1626168223.63183, 1626168225.6581552
1626168225.6734884, 1626168227.6795394
1626168227.715843, 1626168229.723198
1626168229.7390132, 1626168231.7629488
1626168231.7782762, 1626168233.7852957
