Burst starts (s), Burst ends(A)
1626167694.3036077, 1626167696.3281496
1626167696.3437572, 1626167698.3693469
1626167698.417799, 1626167700.440014
1626167700.455385, 1626167702.4648032
1626167702.4855452, 1626167704.5090492
