Burst starts (s), Burst ends(A)
1626168611.7081585, 1626168613.714064
1626168613.7306645, 1626168615.7513914
1626168615.7837095, 1626168617.7904503
1626168617.8068478, 1626168619.8193374
1626168619.8518538, 1626168621.858024
