Burst starts (s), Burst ends(A)
1626231153.9353364, 1626231155.9447372
1626231155.9762518, 1626231157.9996665
1626231158.0152347, 1626231160.0409195
1626231160.0565853, 1626231162.0773606
1626231162.1086028, 1626231164.1178343
