Burst starts (s), Burst ends(A)
1626230873.8305395, 1626230875.8371325
1626230875.8574922, 1626230877.8638008
1626230877.8950493, 1626230879.904165
1626230879.9351628, 1626230881.9422305
1626230881.9785218, 1626230883.9853187
