Burst starts (s), Burst ends(A)
1626229365.0252964, 1626229367.0474856
1626229367.0682788, 1626229369.0931938
1626229369.0931938, 1626229371.1122475
1626229371.1275501, 1626229373.1367214
1626229373.151954, 1626229375.1589558
