Burst starts (s), Burst ends(A)
1626229567.520953, 1626229569.527829
1626229569.543207, 1626229571.564481
1626229571.5804613, 1626229573.601989
1626229573.6239798, 1626229575.6450117
1626229575.6602857, 1626229577.6691406
