Burst starts (s), Burst ends(A)
1626229458.4772894, 1626229460.4976537
1626229460.4976537, 1626229462.5227675
1626229462.5537632, 1626229464.5628402
1626229464.5785034, 1626229466.6037009
1626229466.634806, 1626229468.6403072
