Burst starts (s), Burst ends(A)
1625551983.1646206, 1625551985.1895225
1625551985.205383, 1625551987.2264502
1625551987.2728453, 1625551989.2970033
1625551989.3126018, 1625551991.3322337
