Burst starts (s), Burst ends(A)
1625554515.637629, 1625554517.6716247
1625554517.734971, 1625554519.7705026
1625554519.8392937, 1625554521.857305
1625554522.277393, 1625554524.3053505
