Burst starts (s), Burst ends(A)
1625554018.428098, 1625554020.4464839
1625554020.517113, 1625554022.5328906
1625554022.5466673, 1625554024.5808046
1625554024.6624634, 1625554026.6908724
