Burst starts (s), Burst ends(A)
1625553031.9934344, 1625553034.0146873
1625553034.0332828, 1625553036.04831
1625553036.1262667, 1625553038.1524768
1625553038.2207053, 1625553040.2422972
