Burst starts (s), Burst ends(A)
1625551096.2576334, 1625551098.733045
1625551098.7457557, 1625551100.7675123
1625551100.8024426, 1625551102.8214884
1625551102.8424919, 1625551104.859269
