Burst starts (s), Burst ends(A)
1625554530.2772713, 1625554532.2928605
1625554532.3081117, 1625554534.3226826
1625554534.3572192, 1625554536.372361
1625554536.3873591, 1625554538.4026186
