Burst starts (s), Burst ends(A)
1625552660.3403563, 1625552662.3563693
1625552662.4330606, 1625552664.4493368
1625552664.4642403, 1625552666.488698
1625552666.5031338, 1625552668.52875
