Burst starts (s), Burst ends(A)
1625552616.3720741, 1625552618.4058566
1625552618.7523713, 1625552620.782534
1625552620.7923613, 1625552622.817905
1625552622.9035122, 1625552624.9203174
