Burst starts (s), Burst ends(A)
1625552926.04325, 1625552928.060233
1625552928.4488215, 1625552930.4736218
1625552930.502982, 1625552932.5194864
1625552932.5264685, 1625552934.5491948
