Burst starts (s), Burst ends(A)
1625551282.5502043, 1625551284.5704873
1625551284.6059158, 1625551286.6306465
1625551286.6757622, 1625551288.6944764
1625551288.7112637, 1625551290.7265332
