Burst starts (s), Burst ends(A)
1625553427.3863208, 1625553429.410004
1625553429.53015, 1625553431.5501845
1625553431.598322, 1625553433.6127832
1625553433.626902, 1625553435.6480763
