Burst starts (s), Burst ends(A)
1625554706.5548549, 1625554708.57349
1625554708.5851893, 1625554710.6094842
1625554710.6411972, 1625554712.664171
1625554712.7390306, 1625554714.7559984
