Burst starts (s), Burst ends(A)
1625554383.9494712, 1625554385.9666824
1625554385.9773438, 1625554387.992602
1625554388.011283, 1625554390.0341191
1625554390.0625403, 1625554392.0933883
