Burst starts (s), Burst ends(A)
1625552130.2994084, 1625552132.3376338
1625552132.3669896, 1625552134.3866181
1625552134.4005136, 1625552136.4178975
1625552136.442821, 1625552138.4715273
