Burst starts (s), Burst ends(A)
1625551254.0351427, 1625551256.0739696
1625551256.1489317, 1625551258.1815736
1625551258.197759, 1625551260.2263012
1625551260.2437177, 1625551262.261562
