Burst starts (s), Burst ends(A)
1625551268.3327246, 1625551270.3472536
1625551270.3856373, 1625551272.4062066
1625551272.4432688, 1625551274.468949
1625551274.54072, 1625551276.5550153
