Burst starts (s), Burst ends(A)
1625551910.6835647, 1625551912.704101
1625551912.760583, 1625551914.7849908
1625551914.7991116, 1625551916.8301187
1625551916.8444045, 1625551918.8696182
