Burst starts (s), Burst ends(A)
1625554588.8274457, 1625554590.8432274
1625554590.8699758, 1625554592.8855343
1625554592.899669, 1625554594.9150229
1625554594.9237268, 1625554596.9408891
