Burst starts (s), Burst ends(A)
1625552971.153935, 1625552973.1703875
1625552973.5856998, 1625552975.6014955
1625552975.6306794, 1625552977.6476033
1625552977.6620507, 1625552979.6796713
