Burst starts (s), Burst ends(A)
1625551239.7038605, 1625551241.7656372
1625551241.833656, 1625551243.857278
1625551243.8901, 1625551245.9196372
1625551245.9513245, 1625551247.9757006
