Burst starts (s), Burst ends(A)
1625553749.482759, 1625553751.4986422
1625553751.5401745, 1625553753.5612566
1625553753.5755572, 1625553755.5964503
1625553755.6255004, 1625553757.6393824
