Burst starts (s), Burst ends(A)
1625552085.93717, 1625552087.9574935
1625552087.9817772, 1625552090.0097353
1625552090.0344381, 1625552092.05376
1625552092.0711281, 1625552094.0909598
