Burst starts (s), Burst ends(A)
1625554427.5321603, 1625554429.5539558
1625554429.5682054, 1625554431.5915298
1625554431.916819, 1625554433.939486
1625554434.009844, 1625554436.0372326
