Burst starts (s), Burst ends(A)
1625551225.5763009, 1625551227.5910997
1625551227.6158917, 1625551229.6615615
1625551229.6797686, 1625551231.7040436
1625551231.7233791, 1625551233.7379699
