Burst starts (s), Burst ends(A)
1625553339.7184582, 1625553341.7397745
1625553341.7544246, 1625553343.7726958
1625553343.7874641, 1625553345.802
1625553345.8149586, 1625553347.8344936
