Burst starts (s), Burst ends(A)
1625553852.6870394, 1625553854.8831515
1625553854.9395158, 1625553856.9546356
1625553856.9974208, 1625553859.02033
1625553859.1037188, 1625553861.1271408
