Burst starts (s), Burst ends(A)
1625553001.944498, 1625553003.9614651
1625553003.9708743, 1625553005.9858081
1625553006.157947, 1625553008.1766813
1625553008.2975354, 1625553010.3174102
