Burst starts (s), Burst ends(A)
1625553633.5267253, 1625553635.5493653
1625553635.5642264, 1625553637.5825248
1625553637.5955613, 1625553639.6317055
1625553639.704234, 1625553641.7411377
