Burst starts (s), Burst ends(A)
1625554003.3688276, 1625554005.3909814
1625554005.4049416, 1625554007.431097
1625554007.4467452, 1625554009.465895
1625554009.4799216, 1625554011.4946802
