Burst starts (s), Burst ends(A)
1625552838.2358906, 1625552840.2540507
1625552840.285669, 1625552842.3062851
1625552842.3192375, 1625552844.3387604
1625552844.3597229, 1625552846.3777037
