Burst starts (s), Burst ends(A)
1625553882.3123333, 1625553884.3334653
1625553884.3480666, 1625553886.3653107
1625553886.3789532, 1625553888.3934336
1625553888.4081478, 1625553890.4304028
