Burst starts (s), Burst ends(A)
1625554297.33526, 1625554299.3596573
1625554299.3751497, 1625554301.3968785
1625554301.4155097, 1625554303.435469
1625554303.4635217, 1625554305.483009
