Burst starts (s), Burst ends(A)
1625553235.328011, 1625553237.3466022
1625553237.5900006, 1625553239.6107428
1625553239.6318269, 1625553241.6540873
1625553241.7002687, 1625553243.718151
