Burst starts (s), Burst ends(A)
1625551645.4714549, 1625551647.4862888
1625551647.500695, 1625551649.5155616
1625551649.736789, 1625551651.7523375
1625551651.8232872, 1625551653.8784826
