Burst starts (s), Burst ends(A)
1625552011.98404, 1625552013.9995387
1625552014.012213, 1625552016.1465297
1625552016.156537, 1625552018.2282412
1625552018.2938442, 1625552020.324299
