Burst starts (s), Burst ends(A)
1625551168.2634008, 1625551170.2876897
1625551170.363894, 1625551172.407773
1625551172.4707384, 1625551174.4883628
1625551174.5085318, 1625551176.5370271
