Burst starts (s), Burst ends(A)
1625552911.3463438, 1625552913.3660247
1625552913.3830636, 1625552915.4007475
1625552915.417577, 1625552917.441444
1625552917.4578316, 1625552919.4979036
