Burst starts (s), Burst ends(A)
1625552882.1650105, 1625552884.195824
1625552884.2251408, 1625552886.252257
1625552886.2683885, 1625552888.2951636
1625552888.3122227, 1625552890.331492
