Burst starts (s), Burst ends(A)
1625554751.4797766, 1625554753.4943213
1625554753.508306, 1625554755.5253758
1625554755.5323572, 1625554757.545275
1625554757.5522563, 1625554759.565674
