Burst starts (s), Burst ends(A)
1625551153.611354, 1625551155.626681
1625551155.658014, 1625551157.675798
1625551157.713609, 1625551159.735601
1625551159.7508745, 1625551161.7832909
