Burst starts (s), Burst ends(A)
1625553441.9512384, 1625553443.9675553
1625553443.98943, 1625553446.0168095
1625553446.0343037, 1625553448.0621448
1625553448.0736005, 1625553450.1024387
