Burst starts (s), Burst ends(A)
1625553911.8211823, 1625553913.8411171
1625553913.8572524, 1625553915.8801806
1625553915.8928807, 1625553917.9163978
1625553917.9882934, 1625553920.008784
