Burst starts (s), Burst ends(A)
1625551895.4673364, 1625551897.48657
1625551897.502784, 1625551899.5328827
1625551899.5461097, 1625551901.5797937
1625551901.5977337, 1625551903.619168
