Burst starts (s), Burst ends(A)
1625726922.6231356, 1625726924.639552
1625726924.6532805, 1625726926.6681728
1625726926.6982472, 1625726928.712318
1625726928.7301207, 1625726930.7445815
1625726930.7777386, 1625726932.7937672
