Burst starts (s), Burst ends(A)
1625726875.6160443, 1625726877.629699
1625726877.6689436, 1625726879.684161
1625726879.7186825, 1625726881.733297
1625726881.742056, 1625726883.775457
1625726883.804943, 1625726885.821891
