Burst starts (s), Burst ends(A)
1625726812.9756768, 1625726814.989812
1625726815.0046618, 1625726817.01932
1625726817.0447967, 1625726819.0593019
1625726819.1049564, 1625726821.1215086
1625726821.1631203, 1625726823.1785712
