Burst starts (s), Burst ends(A)
1625726891.234401, 1625726893.3176074
1625726893.373846, 1625726895.3886607
1625726895.4210322, 1625726897.4374974
1625726897.4514792, 1625726899.4664114
1625726899.4988263, 1625726901.5168262
