Burst starts (s), Burst ends(A)
1625726205.5875914, 1625726207.6079903
1625726207.616097, 1625726209.6490264
1625726209.6607475, 1625726211.6745596
1625726211.68685, 1625726213.7031534
1625726213.7117426, 1625726215.7299116
