Burst starts (s), Burst ends(A)
1625727353.2174113, 1625727355.2346218
1625727355.3096006, 1625727357.323937
1625727357.4154491, 1625727359.430279
1625727359.5220444, 1625727361.5373578
1625727361.624622, 1625727363.6728797
