Burst starts (s), Burst ends(A)
1625727499.6034398, 1625727501.610354
1625727501.6946125, 1625727503.717693
1625727503.8040264, 1625727505.8796673
1625727505.9465714, 1625727507.968704
1625727508.0531228, 1625727510.0585456
