Burst starts (s), Burst ends(A)
1625726859.9780805, 1625726861.9932482
1625726862.0238035, 1625726864.037539
1625726864.066926, 1625726866.0811512
1625726866.1252549, 1625726868.141045
1625726868.1731892, 1625726870.190668
