Burst starts (s), Burst ends(A)
1626236345.7096589, 1626236347.7317162
1626236347.739972, 1626236349.7545774
1626236349.7700884, 1626236351.7795131
1626236351.8110514, 1626236353.8388746
1626236353.8545425, 1626236355.8614564
