Burst starts (s), Burst ends(A)
1626236952.8877819, 1626236954.9107535
1626236954.9261186, 1626236956.9361222
1626236956.9986484, 1626236959.0104513
1626236959.0416982, 1626236961.0499878
1626236961.0653691, 1626236963.089386
