Burst starts (s), Burst ends(A)
1626235472.717087, 1626235474.7438338
1626235474.7592618, 1626235476.7822163
1626235476.8299265, 1626235478.8398242
1626235478.8555014, 1626235480.863845
1626235480.8792205, 1626235482.8843489
