Burst starts (s), Burst ends(A)
1626235457.2357066, 1626235459.2438877
1626235459.259797, 1626235461.28702
1626235461.303758, 1626235463.3091843
1626235463.3560493, 1626235465.3610406
1626235465.392039, 1626235467.4050233
