Burst starts (s), Burst ends(A)
1626236983.7697587, 1626236985.7918277
1626236985.8125181, 1626236987.8370867
1626236987.852708, 1626236989.8595643
1626236989.8752174, 1626236991.897135
1626236991.9127953, 1626236993.9263422
