Burst starts (s), Burst ends(A)
1626235863.5608537, 1626235865.5854762
1626235865.600979, 1626235868.009089
1626235868.0559542, 1626235870.068345
1626235870.083974, 1626235872.0918388
1626235872.107464, 1626235874.133248
