Burst starts (s), Burst ends(A)
1626235519.2151651, 1626235521.2272115
1626235521.242877, 1626235523.26517
1626235523.2821841, 1626235525.3014634
1626235525.3168514, 1626235527.3438416
1626235527.3438416, 1626235529.3671405
