Burst starts (s), Burst ends(A)
1626236128.4840338, 1626236130.4927423
1626236130.5080843, 1626236132.529976
1626236132.5457644, 1626236134.5735464
1626236134.5735464, 1626236136.5984504
1626236136.5984504, 1626236138.6192994
