Burst starts (s), Burst ends(A)
1626236502.7756884, 1626236504.7829783
1626236504.814337, 1626236506.8393295
1626236506.8703294, 1626236508.8822513
1626236508.9135015, 1626236510.935548
1626236510.9509358, 1626236512.9587524
