Burst starts (s), Burst ends(A)
1626236471.6582549, 1626236473.6805067
1626236473.6958857, 1626236475.71902
1626236475.7502143, 1626236477.7577765
1626236477.7778254, 1626236479.8025951
1626236479.8025951, 1626236481.825016
