Burst starts (s), Burst ends(A)
1626179561.1710684, 1626179563.190486
1626179563.2058437, 1626179565.2152689
1626179565.251167, 1626179567.2732155
1626179567.3371294, 1626179569.3642979
1626179569.379925, 1626179571.3864841
