Burst starts (s), Burst ends(A)
1626179700.3113272, 1626179702.319385
1626179702.3347287, 1626179704.3567095
1626179704.4085915, 1626179706.4167767
1626179706.4320247, 1626179708.4385598
1626179708.4698112, 1626179710.496896
