Burst starts (s), Burst ends(A)
1626178707.6509402, 1626178709.6738827
1626178709.7206225, 1626178711.7342038
1626178711.7969656, 1626178713.824345
1626178713.8712547, 1626178715.878339
1626178715.89371, 1626178717.9015718
