Burst starts (s), Burst ends(A)
1626179266.5223017, 1626179268.5457842
1626179268.5614016, 1626179270.5807915
1626179270.5959952, 1626179272.6066825
1626179272.6221414, 1626179274.6286623
1626179274.6490188, 1626179276.6552129
