Burst starts (s), Burst ends(A)
1626178644.9131525, 1626178646.9373271
1626178646.952669, 1626178648.9658904
1626178648.9658904, 1626178650.9885173
1626178651.0089083, 1626178653.015774
1626178653.0314093, 1626178655.0395908
