Burst starts (s), Burst ends(A)
1626178909.4609823, 1626178911.466894
1626178911.4823956, 1626178913.5050464
1626178913.520331, 1626178915.5323539
1626178915.5323539, 1626178917.5548205
1626178917.5702016, 1626178919.5918431
