Burst starts (s), Burst ends(A)
1626178087.1635952, 1626178089.1857445
1626178089.249671, 1626178091.2769413
1626178091.3090491, 1626178093.3175588
1626178093.3331833, 1626178095.3562427
1626178095.3925335, 1626178097.4157841
