Burst starts (s), Burst ends(A)
1626180108.7564662, 1626180110.7812667
1626180110.7969742, 1626180112.8210611
1626180112.8414767, 1626180114.8644874
1626180114.8798602, 1626180116.8858118
1626180116.901185, 1626180118.9094846
