Burst starts (s), Burst ends(A)
1626179499.4348562, 1626179501.4430053
1626179501.458639, 1626179503.480267
1626179503.480267, 1626179505.5019972
1626179505.5330954, 1626179507.5610573
1626179507.6093173, 1626179509.6300256
