Burst starts (s), Burst ends(A)
1626179173.7228105, 1626179175.723582
1626179175.7392604, 1626179177.7479506
1626179177.7791948, 1626179179.8004713
1626179179.8377228, 1626179181.8608353
1626179181.8608353, 1626179183.8835406
