Burst starts (s), Burst ends(A)
1626179359.1767173, 1626179361.2037046
1626179361.2367795, 1626179363.2443602
1626179363.2599924, 1626179365.267828
1626179365.2835784, 1626179367.3033412
1626179367.3197913, 1626179369.3409283
