Burst starts (s), Burst ends(A)
1626178955.8977828, 1626178957.9031827
1626178957.9185472, 1626178959.9426568
1626178959.97842, 1626178962.001216
1626178962.016599, 1626178964.025232
1626178964.0719037, 1626178966.0945523
