Burst starts (s), Burst ends(A)
1626178380.2827935, 1626178382.304391
1626178382.3731544, 1626178384.3939555
1626178384.4468815, 1626178386.4561148
1626178386.472907, 1626178388.4814043
1626178388.5126438, 1626178390.52057
