Burst starts (s), Burst ends(A)
1626179251.0172837, 1626179253.0409443
1626179253.0563934, 1626179255.5333023
1626179255.5642645, 1626179257.5912557
1626179257.6068833, 1626179259.6170578
1626179259.6484325, 1626179261.6721077
