Burst starts (s), Burst ends(A)
1626178723.0675764, 1626178725.090418
1626178725.106318, 1626178727.1292605
1626178727.1447222, 1626178729.1516697
1626178729.2037098, 1626178731.2266054
1626178731.243075, 1626178733.2496755
