Burst starts (s), Burst ends(A)
1626166709.5045035, 1626166711.5270169
1626166711.5315318, 1626166713.5538535
1626166713.5692163, 1626166715.5791183
1626166715.610635, 1626166717.6324399
1626166717.6324399, 1626166719.6555877
