Burst starts (s), Burst ends(A)
1626165451.4536934, 1626165454.007293
1626165454.0439897, 1626165456.0512621
1626165456.0668876, 1626165458.0888093
1626165458.1419013, 1626165460.163345
1626165460.1957572, 1626165462.208987
