Burst starts (s), Burst ends(A)
1626166928.9345253, 1626166930.942574
1626166930.9790628, 1626166933.0011342
1626166933.0167065, 1626166935.0253882
1626166935.0563517, 1626166937.083958
1626166937.083958, 1626166939.107165
