Burst starts (s), Burst ends(A)
1626166833.2293472, 1626166835.2566748
1626166835.2879243, 1626166837.2964067
1626166837.3117445, 1626166839.3193464
1626166839.3866282, 1626166841.3938503
1626166841.4588985, 1626166843.4660249
