Burst starts (s), Burst ends(A)
1626166182.2386768, 1626166184.250408
1626166184.2816541, 1626166186.3093345
1626166186.325239, 1626166188.3489654
1626166188.3646975, 1626166190.3845239
1626166190.3845239, 1626166192.4071965
