Burst starts (s), Burst ends(A)
1626166275.1053774, 1626166277.126751
1626166277.157903, 1626166279.164661
1626166279.186318, 1626166281.193038
1626166281.2088745, 1626166283.2308922
1626166283.2635188, 1626166285.2795606
