Burst starts (s), Burst ends(A)
1626166554.3314533, 1626166556.351021
1626166556.3663611, 1626166558.3742914
1626166558.4104366, 1626166560.4171114
1626166560.4617753, 1626166562.472663
1626166562.5039082, 1626166564.531174
