Burst starts (s), Burst ends(A)
1626166368.374053, 1626166370.3852794
1626166370.4339797, 1626166372.4560194
1626166372.4717648, 1626166374.4929717
1626166374.4974773, 1626166376.5033772
1626166376.5522153, 1626166378.5727518
