Burst starts (s), Burst ends(A)
1626166213.3035617, 1626166215.326363
1626166215.3578916, 1626166217.3834023
1626166217.3879085, 1626166219.394544
1626166219.4446561, 1626166221.4669492
1626166221.5187569, 1626166223.5394032
