Burst starts (s), Burst ends(A)
1626165404.640137, 1626165406.6461143
1626165406.6617494, 1626165408.686126
1626165408.7329953, 1626165410.7552488
1626165410.7602837, 1626165412.7666214
1626165412.782258, 1626165414.7904136
