Burst starts (s), Burst ends(A)
1626186991.9231617, 1626186994.0455987
1626186994.062038, 1626186996.1686296
1626186996.2222226, 1626186998.3312984
1626186998.3628342, 1626187000.4865239
1626187000.5019062, 1626187002.6097777
