Burst starts (s), Burst ends(A)
1626188155.9874544, 1626188158.103311
1626188158.1516914, 1626188160.2386332
1626188160.3056312, 1626188162.3923812
1626188162.4456348, 1626188164.568104
1626188164.5692027, 1626188166.6744475
