Burst starts (s), Burst ends(A)
1626186928.3860064, 1626186930.4929526
1626186930.5422623, 1626186932.6333752
1626186932.7159212, 1626186934.8235974
1626186934.8389742, 1626186936.9441123
1626186936.9573324, 1626186939.0367496
