Burst starts (s), Burst ends(A)
1626188907.125728, 1626188909.2272933
1626188909.2796674, 1626188911.3902006
1626188911.4415493, 1626188913.5647593
1626188913.5801406, 1626188915.6755571
1626188915.6912138, 1626188917.7827363
