Burst starts (s), Burst ends(A)
1626188443.2397919, 1626188445.313842
1626188445.3463104, 1626188447.4406295
1626188447.523867, 1626188449.614126
1626188449.6782598, 1626188451.7866693
1626188451.8398283, 1626188453.9250538
