Burst starts (s), Burst ends(A)
1626186864.3895047, 1626186866.4805284
1626186866.5266762, 1626186868.6037993
1626186868.652357, 1626186870.7577205
1626186870.7943175, 1626186872.9026403
1626186873.0009444, 1626186875.113096
