Burst starts (s), Burst ends(A)
1626186848.3767195, 1626186850.4687843
1626186850.532655, 1626186852.62423
1626186852.655761, 1626186854.7461092
1626186854.7613513, 1626186856.854616
1626186856.9065485, 1626186859.0243752
