Burst starts (s), Burst ends(A)
1626187693.3730447, 1626187695.4745924
1626187695.5062525, 1626187697.581389
1626187697.6440563, 1626187699.722618
1626187699.7898939, 1626187702.1980603
1626187702.1980603, 1626187704.2528434
