Burst starts (s), Burst ends(A)
1626188204.8046951, 1626188206.8941689
1626188206.9095514, 1626188209.0195525
1626188209.0349307, 1626188211.1266468
1626188211.1781359, 1626188213.2168028
1626188213.232114, 1626188215.325539
