Burst starts (s), Burst ends(A)
1626187278.412317, 1626187280.519681
1626187280.535593, 1626187282.658926
1626187282.6745474, 1626187284.7676845
1626187284.7833102, 1626187286.90554
1626187286.9413345, 1626187289.0481217
