Burst starts (s), Burst ends(A)
1626188332.0732083, 1626188334.2133894
1626188334.2488685, 1626188336.3407671
1626188336.3893847, 1626188338.4636188
1626188338.4789448, 1626188340.5566983
1626188340.5723276, 1626188342.6425786
