Burst starts (s), Burst ends(A)
1626196866.7879698, 1626196868.8109336
1626196868.8953116, 1626196870.917305
1626196870.9640346, 1626196872.972218
1626196872.9875686, 1626196875.0066195
1626196875.0156646, 1626196877.0379972
