Burst starts (s), Burst ends(A)
1626197195.6918776, 1626197197.7152536
1626197197.730872, 1626197199.757885
1626197199.7905037, 1626197201.796293
1626197201.811771, 1626197203.836372
1626197203.851992, 1626197205.8797715
