Burst starts (s), Burst ends(A)
1626196336.6740932, 1626196338.6926696
1626196338.6948814, 1626196340.7193284
1626196340.7351112, 1626196342.762843
1626196342.778471, 1626196344.8038673
1626196344.8192146, 1626196346.839655
