Burst starts (s), Burst ends(A)
1626197477.5078588, 1626197479.5289419
1626197479.5289419, 1626197481.5529315
1626197481.5890064, 1626197483.614363
1626197483.614363, 1626197485.6347263
1626197485.6500988, 1626197487.675051
