Burst starts (s), Burst ends(A)
1626195651.5228648, 1626195653.5497346
1626195653.565364, 1626195655.5921261
1626195655.6390424, 1626195657.6664984
1626195657.682125, 1626195659.7060149
1626195659.7382197, 1626195661.7682962
