Burst starts (s), Burst ends(A)
1626196928.7054484, 1626196930.7285893
1626196930.745198, 1626196932.751589
1626196932.783989, 1626196934.8060482
1626196934.8106115, 1626196936.8338225
1626196936.8338225, 1626196938.8578546
