Burst starts (s), Burst ends(A)
1626196134.097696, 1626196136.1199217
1626196136.156498, 1626196138.180441
1626196138.2119663, 1626196140.2359045
1626196140.251854, 1626196142.2776692
1626196142.2932944, 1626196144.317309
