Burst starts (s), Burst ends(A)
1626196103.1264443, 1626196105.150788
1626196105.1664124, 1626196107.2097557
1626196107.225083, 1626196109.2331338
1626196109.248513, 1626196111.2717793
1626196111.3239632, 1626196113.3686464
