Burst starts (s), Burst ends(A)
1626195979.174378, 1626195981.196224
1626195981.2129667, 1626195983.2344978
1626195983.2509987, 1626195985.2741432
1626195985.2945175, 1626195987.3167815
1626195987.3807044, 1626195989.407958
