Burst starts (s), Burst ends(A)
1626196475.9229844, 1626196477.9517696
1626196477.9686587, 1626196479.9916968
1626196480.0076654, 1626196482.030423
1626196482.0665238, 1626196484.9679692
1626196484.9944406, 1626196487.017607
