Burst starts (s), Burst ends(A)
1626196506.7213302, 1626196508.7297733
1626196508.7966967, 1626196510.821467
1626196510.837065, 1626196512.8749783
1626196512.8902996, 1626196514.9025419
1626196514.9340677, 1626196516.9736562
