Burst starts (s), Burst ends(A)
1626196882.317733, 1626196884.3606608
1626196884.3617623, 1626196886.4006393
1626196886.4321713, 1626196888.4599106
1626196888.4914482, 1626196890.5125804
1626196890.5532923, 1626196892.5732586
