Burst starts (s), Burst ends(A)
1626197678.6671574, 1626197680.6904798
1626197680.7060924, 1626197682.7138958
1626197682.7292776, 1626197684.7513509
1626197684.767254, 1626197686.7891784
1626197686.793736, 1626197688.8176215
