Burst starts (s), Burst ends(A)
1626197148.9986439, 1626197151.0919087
1626197151.1075292, 1626197153.1143887
1626197153.176872, 1626197155.189079
1626197155.220327, 1626197157.2446525
1626197157.2758381, 1626197159.2832012
