Burst starts (s), Burst ends(A)
1626195963.6879976, 1626195965.711474
1626195965.711474, 1626195967.7377806
1626195967.7545276, 1626195969.759695
1626195969.7750363, 1626195971.8006458
1626195971.8318858, 1626195973.8581164
