Burst starts (s), Burst ends(A)
1626195182.448445, 1626195184.4529197
1626195184.4849582, 1626195186.5099888
1626195186.5135396, 1626195188.5358894
1626195188.5828407, 1626195190.606855
1626195190.6283634, 1626195192.650442
