Burst starts (s), Burst ends(A)
1626194295.810571, 1626194297.8329535
1626194297.8485003, 1626194299.873335
1626194299.9045846, 1626194301.931856
1626194301.9474854, 1626194303.9537668
1626194304.0003958, 1626194306.0259583
