Burst starts (s), Burst ends(A)
1626194715.3398063, 1626194717.3519273
1626194717.3675935, 1626194719.376272
1626194719.3919518, 1626194721.4142516
1626194721.4628444, 1626194723.4726808
1626194723.5041106, 1626194725.5264764
