Burst starts (s), Burst ends(A)
1626194389.130251, 1626194391.1575377
1626194391.1728833, 1626194393.197693
1626194393.2130826, 1626194395.2354686
1626194395.2561367, 1626194397.2819052
1626194397.3128622, 1626194399.3365788
