Burst starts (s), Burst ends(A)
1626195088.9954221, 1626195091.0052643
1626195091.0377104, 1626195093.0763602
1626195093.0917022, 1626195095.1185334
1626195095.1497805, 1626195097.172005
1626195097.204436, 1626195099.246484
