Burst starts (s), Burst ends(A)
1626193814.5532358, 1626193816.5788298
1626193816.617699, 1626193818.637808
1626193818.6701105, 1626193820.6914387
1626193820.7444034, 1626193822.7658632
1626193822.7814603, 1626193824.8072412
