Burst starts (s), Burst ends(A)
1626194963.2625635, 1626194965.2836704
1626194965.2990615, 1626194967.3313513
1626194967.3482761, 1626194969.381244
1626194969.3968806, 1626194971.4249072
1626194971.430649, 1626194973.4441605
