Burst starts (s), Burst ends(A)
1626194218.5379832, 1626194221.0616813
1626194221.1101134, 1626194223.2158332
1626194223.2158332, 1626194225.562075
1626194225.5788167, 1626194227.6009336
1626194227.670186, 1626194229.6930897
