Burst starts (s), Burst ends(A)
1626195523.1578276, 1626195525.1801627
1626195525.1801627, 1626195527.2025115
1626195527.218133, 1626195529.2418408
1626195529.2619781, 1626195531.269601
1626195531.316517, 1626195533.3385332
