Burst starts (s), Burst ends(A)
1626194979.3930862, 1626194981.4040086
1626194981.4413986, 1626194983.463806
1626194983.4791808, 1626194985.5292587
1626194985.5448382, 1626194987.5558903
1626194987.5715156, 1626194989.5798612
