Burst starts (s), Burst ends(A)
1626195507.7549284, 1626195509.7819815
1626195509.798841, 1626195511.8200734
1626195511.8514886, 1626195513.8596592
1626195513.9115717, 1626195515.9331424
1626195515.949646, 1626195517.97195
