Burst starts (s), Burst ends(A)
1626195135.7272384, 1626195137.754775
1626195137.7706792, 1626195139.7921944
1626195139.8231926, 1626195141.8469512
1626195141.8673394, 1626195143.8902493
1626195143.9060073, 1626195145.944159
