Burst starts (s), Burst ends(A)
1626194994.9273531, 1626194996.9500058
1626194996.9653897, 1626194999.0083945
1626194999.0240126, 1626195001.047505
1626195001.078749, 1626195003.1062233
1626195003.1062233, 1626195005.1440322
