Burst starts (s), Burst ends(A)
1626194265.0389826, 1626194267.0625954
1626194267.1154702, 1626194269.1381965
1626194269.169724, 1626194271.1962557
1626194271.2118826, 1626194273.2204845
1626194273.2517242, 1626194275.2762458
