Burst starts (s), Burst ends(A)
1626219499.1824806, 1626219501.189076
1626219501.204709, 1626219503.2278411
1626219503.2446492, 1626219505.267796
1626219505.2831254, 1626219507.2879
1626219507.3095114, 1626219509.333246
