Burst starts (s), Burst ends(A)
1626219731.203532, 1626219733.2255435
1626219733.246277, 1626219735.271247
1626219735.2868695, 1626219737.2939858
1626219737.3612695, 1626219739.3836644
1626219739.3836644, 1626219741.4075606
