Burst starts (s), Burst ends(A)
1626219855.4712439, 1626219857.4940898
1626219857.5094595, 1626219859.5172865
1626219859.5485318, 1626219861.5762708
1626219861.5918996, 1626219863.5983284
1626219863.6136706, 1626219865.6355479
