Burst starts (s), Burst ends(A)
1626218880.0426338, 1626218882.0490868
1626218882.0644364, 1626218884.0903487
1626218884.0903487, 1626218886.1120374
1626218886.127369, 1626218888.1362867
1626218888.151909, 1626218890.1571765
