Burst starts (s), Burst ends(A)
1626218491.2159374, 1626218493.2373166
1626218493.2526515, 1626218495.2751997
1626218495.3282795, 1626218497.350006
1626218497.350006, 1626218499.3734438
1626218499.3887534, 1626218501.4088585
