Burst starts (s), Burst ends(A)
1626217948.7513719, 1626217950.7725108
1626217950.8125708, 1626217952.8153193
1626217952.8477893, 1626217954.8694184
1626217954.8861058, 1626217956.8946867
1626217956.9308963, 1626217958.9376414
