Burst starts (s), Burst ends(A)
1626217902.2739336, 1626217904.2801926
1626217904.3489864, 1626217906.3734562
1626217906.3734562, 1626217908.3937562
1626217908.462326, 1626217910.483951
1626217910.532009, 1626217912.5531788
