Burst starts (s), Burst ends(A)
1626218444.7762392, 1626218446.7845743
1626218446.8001206, 1626218448.8211489
1626218448.8572154, 1626218450.8632047
1626218450.878867, 1626218452.9024105
1626218452.9346204, 1626218454.9424074
