Burst starts (s), Burst ends(A)
1626218429.257786, 1626218431.2676952
1626218431.319002, 1626218433.3259077
1626218433.3571608, 1626218435.3800044
1626218435.395666, 1626218437.4189775
1626218437.43941, 1626218439.466769
