Burst starts (s), Burst ends(A)
1626174589.0362113, 1626174591.041688
1626174591.0570333, 1626174593.0644162
1626174593.101855, 1626174595.109174
1626174595.1576567, 1626174597.179011
1626174597.2635882, 1626174599.269575
