Burst starts (s), Burst ends(A)
1626174494.8989012, 1626174496.9245338
1626174496.9915771, 1626174499.0142677
1626174499.0296583, 1626174501.0517895
1626174501.06836, 1626174503.779395
1626174503.810391, 1626174505.8208447
