Burst starts (s), Burst ends(A)
1626173854.111522, 1626173856.1290953
1626173856.1397276, 1626173858.1399539
1626173858.1913502, 1626173860.2146313
1626173860.2300055, 1626173862.2393565
1626173862.2862203, 1626173864.3093376
