Burst starts (s), Burst ends(A)
1626174978.2085283, 1626174980.2160501
1626174980.2364068, 1626174982.243527
1626174982.259166, 1626174984.2831995
1626174984.2985346, 1626174986.3054357
1626174986.3366857, 1626174988.36246
