Burst starts (s), Burst ends(A)
1626175741.6575365, 1626175743.6648588
1626175743.6849918, 1626175745.691804
1626175745.7086527, 1626175747.7311456
1626175747.7469428, 1626175749.8225543
1626175749.8225543, 1626175751.8928547
