Burst starts (s), Burst ends(A)
1626175229.0128946, 1626175231.018042
1626175231.049557, 1626175233.0760934
1626175233.0917585, 1626175235.1004508
1626175235.1473227, 1626175237.1699147
1626175237.1900973, 1626175239.2124493
