Burst starts (s), Burst ends(A)
1626175522.8459525, 1626175524.8572068
1626175524.88955, 1626175526.9082198
1626175526.928879, 1626175528.9443164
1626175528.9847772, 1626175530.9932582
1626175531.008908, 1626175533.022851
