Burst starts (s), Burst ends(A)
1626175195.0501003, 1626175197.0720649
1626175197.08768, 1626175199.1115055
1626175199.1269732, 1626175201.1321707
1626175201.1478307, 1626175203.1563506
1626175203.176697, 1626175205.1829662
