Burst starts (s), Burst ends(A)
1626174867.2028146, 1626174869.24281
1626174869.2584367, 1626174871.2791243
1626174871.3327482, 1626174873.354502
1626174873.370157, 1626174875.37891
1626174875.3941834, 1626174877.4018
