Burst starts (s), Burst ends(A)
1626175445.518283, 1626175447.5420344
1626175447.5573766, 1626175449.565327
1626175449.585684, 1626175451.591399
1626175451.638412, 1626175453.6618605
1626175453.6772015, 1626175455.6984453
