Burst starts (s), Burst ends(A)
1626137225.2428055, 1626137227.2653532
1626137227.3013685, 1626137229.321075
1626137229.3516982, 1626137231.3745034
1626137231.3898828, 1626137233.3944547
1626137233.4098368, 1626137235.429327
