Burst starts (s), Burst ends(A)
1626136682.1121535, 1626136684.1365373
1626136684.1524353, 1626136686.1735203
1626136686.2007596, 1626136688.2167022
1626136688.2652938, 1626136690.285427
1626136690.3227732, 1626136692.345584
