Burst starts (s), Burst ends(A)
1626137709.6456711, 1626137711.651054
1626137711.6666863, 1626137713.6745234
1626137713.6901464, 1626137715.6948247
1626137715.7101793, 1626137717.7321103
1626137717.7676198, 1626137719.7735307
