Burst starts (s), Burst ends(A)
1626137380.2199, 1626137382.224202
1626137382.2395399, 1626137384.2462416
1626137384.2947915, 1626137386.3014116
1626137386.3222005, 1626137388.329839
1626137388.3783255, 1626137390.4003508
