Burst starts (s), Burst ends(A)
1626136635.6061475, 1626136637.6134598
1626136637.633399, 1626136639.6549952
1626136639.6718836, 1626136641.6945658
1626136641.745979, 1626136643.7688801
1626136643.7859483, 1626136645.8082924
