Burst starts (s), Burst ends(A)
1626137889.260074, 1626137891.2662542
1626137891.3184621, 1626137893.3431203
1626137893.3587322, 1626137895.3820324
1626137895.4177632, 1626137897.4411936
1626137897.4568162, 1626137899.4786785
