Burst starts (s), Burst ends(A)
1626137317.8996885, 1626137319.9084055
1626137319.9552698, 1626137321.9814825
1626137321.997109, 1626137324.0093303
1626137324.024984, 1626137326.0482442
1626137326.0635886, 1626137328.0739434
