Burst starts (s), Burst ends(A)
1626137286.9179232, 1626137288.9415867
1626137288.994268, 1626137291.015375
1626137291.0321834, 1626137293.0540843
1626137293.0699768, 1626137295.096433
1626137295.1279607, 1626137297.151301
