Burst starts (s), Burst ends(A)
1626136573.4387195, 1626136575.4471161
1626136575.4798899, 1626136577.498546
1626136577.5359342, 1626136579.5580955
1626136579.5738027, 1626136581.597055
1626136581.6483693, 1626136583.6715338
