Burst starts (s), Burst ends(A)
1626137302.4061089, 1626137304.4256556
1626137304.475675, 1626137306.4974568
1626137306.5130882, 1626137308.5411897
1626137308.5568197, 1626137310.5630512
1626137310.5955822, 1626137312.6034493
