Burst starts (s), Burst ends(A)
1626136775.401628, 1626136777.410094
1626136777.446212, 1626136779.4522579
1626136779.4844246, 1626136781.5070226
1626136781.5603123, 1626136783.5803854
1626136783.5969744, 1626136785.6043715
