Burst starts (s), Burst ends(A)
1626137178.5855696, 1626137180.609853
1626137180.646078, 1626137182.6700587
1626137182.6859674, 1626137184.7066803
1626137184.7230895, 1626137186.7317677
1626137186.7476695, 1626137188.7761102
