Burst starts (s), Burst ends(A)
1626137465.852576, 1626137467.873299
1626137467.8889744, 1626137469.908452
1626137469.9240375, 1626137471.9508183
1626137471.9666111, 1626137473.9868798
1626137473.9868798, 1626137476.0164
