Burst starts (s), Burst ends(A)
1626177675.5824296, 1626177677.590176
1626177677.6060169, 1626177679.6285703
1626177679.6285703, 1626177681.6518717
1626177681.6722598, 1626177683.6952312
1626177683.7591512, 1626177685.7652752
