Burst starts (s), Burst ends(A)
1626177378.8405476, 1626177380.8644803
1626177380.8798225, 1626177382.9058342
1626177382.9214635, 1626177384.943818
1626177384.9591603, 1626177387.888633
1626177387.9042048, 1626177389.931664
