Burst starts (s), Burst ends(A)
1626177037.3362744, 1626177039.344126
1626177039.3972554, 1626177041.420005
1626177041.4358988, 1626177043.46197
1626177043.477592, 1626177045.4973226
1626177045.5168717, 1626177047.5400937
