Burst starts (s), Burst ends(A)
1626176275.4866612, 1626176277.4935853
1626176277.5248334, 1626176279.5540311
1626176279.571177, 1626176281.5934627
1626176281.6090808, 1626176283.6180065
1626176283.6348257, 1626176285.6547015
