Burst starts (s), Burst ends(A)
1626176522.3784215, 1626176524.383509
1626176524.4050643, 1626176526.4123971
1626176526.4611502, 1626176528.481697
1626176528.481697, 1626176530.5081236
1626176530.5279505, 1626176532.534956
