Burst starts (s), Burst ends(A)
1626175948.1270823, 1626175950.1494865
1626175950.1663685, 1626175952.1882315
1626175952.2240238, 1626175954.2467153
1626175954.2487748, 1626175956.254696
1626175956.2861621, 1626175958.3090918
