Burst starts (s), Burst ends(A)
1626175901.1178505, 1626175903.126754
1626175903.1423264, 1626175905.1694725
1626175905.1694725, 1626175907.1928985
1626175907.1928985, 1626175909.2137778
1626175909.2148125, 1626175911.2351446
