Burst starts (s), Burst ends(A)
1626177474.167956, 1626177476.1829183
1626177476.2125843, 1626177478.219796
1626177478.2512062, 1626177480.2592816
1626177480.2746181, 1626177482.2981362
1626177482.3135006, 1626177484.3208048
