Burst starts (s), Burst ends(A)
1626176102.8279026, 1626176104.8514655
1626176104.8559728, 1626176106.8634443
1626176106.879078, 1626176108.8871884
1626176108.9025302, 1626176110.9107277
1626176110.995217, 1626176113.0040834
