Burst starts (s), Burst ends(A)
1626177613.5217314, 1626177615.545721
1626177615.551735, 1626177617.5752683
1626177617.5752683, 1626177619.5998867
1626177619.615509, 1626177621.638267
1626177621.673786, 1626177623.6967082
