Burst starts (s), Burst ends(A)
1626177458.6697328, 1626177460.6775258
1626177460.693192, 1626177462.7145524
1626177462.783599, 1626177464.8093503
1626177464.8093503, 1626177466.8308954
1626177466.846549, 1626177468.8535836
