Burst starts (s), Burst ends(A)
1625814146.1212234, 1625814148.1279912
1625814148.1536684, 1625814150.1556582
1625814150.2114813, 1625814152.2279093
1625814152.267117, 1625814154.2868066
1625814154.3162088, 1625814156.3256245
