Burst starts (s), Burst ends(A)
1625813977.268523, 1625813979.2781503
1625813979.3182812, 1625813981.3328984
1625813981.419088, 1625813983.420337
1625813983.4879212, 1625813985.4979331
1625813985.569515, 1625813987.587759
