Burst starts (s), Burst ends(A)
1625799573.0644639, 1625799575.0737228
1625799575.0936713, 1625799577.0968206
1625799577.14655, 1625799579.1556928
1625799579.232536, 1625799581.2464132
1625799581.276418, 1625799583.3545723
