Burst starts (s), Burst ends(A)
1625801706.0920982, 1625801708.1086526
1625801708.1274765, 1625801710.1421196
1625801710.1711621, 1625801712.1859307
1625801712.2125933, 1625801714.2306638
1625801714.2466679, 1625801716.2598429
