Burst starts (s), Burst ends(A)
1625817211.332127, 1625817213.3433387
1625817213.3638997, 1625817215.3713892
1625817215.411646, 1625817217.4279754
1625817217.4676142, 1625817219.486577
1625817219.5065885, 1625817221.5125387
