Burst starts (s), Burst ends(A)
1625815752.8778455, 1625815754.888359
1625815754.9484746, 1625815756.955478
1625815756.999157, 1625815759.0113275
1625815759.06681, 1625815761.0705793
1625815761.125307, 1625815763.1265676
