Burst starts (s), Burst ends(A)
1625800029.1793842, 1625800031.2626681
1625800031.2862751, 1625800033.3021624
1625800033.3268452, 1625800035.3405414
1625800035.3818386, 1625800037.3994932
1625800037.4546614, 1625800044.9113607
