Burst starts (s), Burst ends(A)
1625816674.630103, 1625816676.6434398
1625816676.6891637, 1625816678.701083
1625816678.7281804, 1625816680.74155
1625816680.812907, 1625816682.8158212
1625816682.8911989, 1625816684.9020844
