Burst starts (s), Burst ends(A)
1625800602.3369694, 1625800604.3555639
1625800604.367563, 1625800606.3833675
1625800606.4099023, 1625800608.43887
1625800608.4860816, 1625800610.498524
1625800610.5256884, 1625800612.538173
