Burst starts (s), Burst ends(A)
1625802065.192975, 1625802067.2035894
1625802067.2165227, 1625802069.2262566
1625802069.2560208, 1625802071.5325038
1625802071.5767426, 1625802073.979197
1625802074.0047247, 1625802076.3335123
