Burst starts (s), Burst ends(A)
1625815860.1411724, 1625815862.1411772
1625815862.2066343, 1625815864.2281415
1625815864.2351246, 1625815866.2487519
1625815866.2613328, 1625815868.2750068
1625815868.2880228, 1625815870.288818
