Burst starts (s), Burst ends(A)
1625802509.3189712, 1625802511.32759
1625802511.349407, 1625802513.5368562
1625802513.5661085, 1625802515.610339
1625802515.6355996, 1625802517.6495128
1625802517.6699195, 1625802519.6823199
