Burst starts (s), Burst ends(A)
1625799875.09214, 1625799877.1041577
1625799877.1570659, 1625799879.1738513
1625799879.234721, 1625799881.2638433
1625799881.3050945, 1625799883.3257546
1625799883.349535, 1625799885.3639972
