Burst starts (s), Burst ends(A)
1625817704.993334, 1625817707.0024796
1625817707.047243, 1625817709.0577023
1625817709.1290963, 1625817711.1330867
1625817711.1591725, 1625817713.1723595
1625817713.2276864, 1625817715.2330678
