Burst starts (s), Burst ends(A)
1625818133.7174985, 1625818135.7444508
1625818135.7843807, 1625818137.7965794
1625818137.8070068, 1625818139.8194292
1625818139.842587, 1625818141.8631845
1625818141.901243, 1625818143.9145632
