Burst starts (s), Burst ends(A)
1625816981.7825572, 1625816983.801021
1625816983.8136506, 1625816985.8255818
1625816985.8337936, 1625816987.833095
1625816987.8561153, 1625816989.8560164
1625816989.921106, 1625816991.9298594
