Burst starts (s), Burst ends(A)
1625799292.1348433, 1625799294.1547673
1625799294.1687906, 1625799296.3812475
1625799296.406427, 1625799298.4195142
1625799298.4651356, 1625799301.0060797
1625799301.0202346, 1625799303.035923
