Burst starts (s), Burst ends(A)
1625817027.6201067, 1625817029.629449
1625817029.6626434, 1625817031.6661444
1625817031.694295, 1625817033.7060828
1625817033.7551985, 1625817035.7655494
1625817035.8195055, 1625817037.827434
