Burst starts (s), Burst ends(A)
1625800772.91954, 1625800775.048525
1625800775.0685694, 1625800777.0724995
1625800777.1756816, 1625800779.181059
1625800779.2533123, 1625800781.2666914
1625800781.3007567, 1625800783.3123593
