Burst starts (s), Burst ends(A)
1625813808.1565711, 1625813810.1766095
1625813810.217073, 1625813812.232385
1625813812.2923007, 1625813814.2933695
1625813814.3329906, 1625813817.1674292
1625813817.2031713, 1625813819.3756628
