Burst starts (s), Burst ends(A)
1625800417.9125712, 1625800420.1100795
1625800420.1685824, 1625800422.171365
1625800422.2207587, 1625800424.242087
1625800424.2832117, 1625800426.302601
1625800426.3417141, 1625800428.3436565
