Burst starts (s), Burst ends(A)
1625814796.7587903, 1625814798.775218
1625814798.7848878, 1625814800.8035972
1625814800.8129363, 1625814802.819382
1625814802.837051, 1625814804.8427856
1625814804.8696733, 1625814806.8990943
