Burst starts (s), Burst ends(A)
1625802757.398315, 1625802759.6117735
1625802759.6382365, 1625802761.652097
1625802761.6919274, 1625802763.7105057
1625802763.756238, 1625802765.7839608
1625802765.8298934, 1625802767.8439834
