Burst starts (s), Burst ends(A)
1625800198.224897, 1625800200.232996
1625800200.2747753, 1625800202.2832527
1625800202.330151, 1625800204.3487353
1625800204.3768573, 1625800207.109534
1625800207.1402967, 1625800209.6010518
