Burst starts (s), Burst ends(A)
1625814548.0253487, 1625814550.0459137
1625814550.0619488, 1625814552.0930471
1625814552.1261911, 1625814554.151969
1625814554.2303805, 1625814556.2511978
1625814556.2593958, 1625814558.2821841
