Burst starts (s), Burst ends(A)
1625814130.7253747, 1625814132.7419038
1625814132.7622008, 1625814134.7803845
1625814134.7871864, 1625814136.8003957
1625814136.8206668, 1625814138.8341403
1625814138.849383, 1625814140.8567178
