Burst starts (s), Burst ends(A)
1625814192.2253964, 1625814194.2320445
1625814194.308188, 1625814196.324385
1625814196.3620842, 1625814198.3681962
1625814198.4184325, 1625814200.4257283
1625814200.4727173, 1625814202.4846892
