Burst starts (s), Burst ends(A)
1625801598.4074893, 1625801600.4073956
1625801600.4410663, 1625801602.446502
1625801602.4920285, 1625801604.5839357
1625801604.5994337, 1625801606.6104374
1625801606.6572082, 1625801608.6657515
