Burst starts (s), Burst ends(A)
1625814609.4374778, 1625814611.463014
1625814611.4787235, 1625814613.511985
1625814613.5280907, 1625814615.558913
1625814615.5735862, 1625814617.605465
1625814617.6199474, 1625814619.6440182
