Burst starts (s), Burst ends(A)
1625801868.0075269, 1625801870.0254586
1625801870.082315, 1625801872.1531007
1625801872.214553, 1625801874.4080374
1625801874.4906194, 1625801876.6472745
1625801876.6776497, 1625801878.7919338
