Burst starts (s), Burst ends(A)
1625818226.8635507, 1625818229.8177836
1625818229.8223388, 1625818231.8472881
1625818231.8646576, 1625818233.8713152
1625818233.9390774, 1625818235.9472392
1625818235.9692655, 1625818237.9701853
