Burst starts (s), Burst ends(A)
1625815905.9568393, 1625815907.9722664
1625815908.0281878, 1625815910.0293772
1625815910.1042042, 1625815912.107172
1625815912.1584907, 1625815914.1621528
1625815914.2197213, 1625815916.9625142
