Burst starts (s), Burst ends(A)
1625816259.7378693, 1625816261.7506173
1625816261.7799435, 1625816263.7824755
1625816263.8101933, 1625816265.8096142
1625816265.850998, 1625816267.8711863
1625816267.9028106, 1625816269.9177527
