Burst starts (s), Burst ends(A)
1625802280.0912619, 1625802282.0962896
1625802282.1413455, 1625802284.1550493
1625802284.2003922, 1625802286.211057
1625802286.243954, 1625802288.2541854
1625802288.3012388, 1625802290.3094423
