Burst starts (s), Burst ends(A)
1625802126.7159193, 1625802128.7362745
1625802128.7529516, 1625802130.7726805
1625802130.8748941, 1625802132.9595559
1625802132.9819446, 1625802134.9885118
1625802135.046277, 1625802137.0622828
