Burst starts (s), Burst ends(A)
1625816904.459415, 1625816906.4830167
1625816906.5115874, 1625816908.520585
1625816908.5326254, 1625816910.545075
1625816910.5969677, 1625816912.9544077
1625816912.9983177, 1625816915.0466816
