Burst starts (s), Burst ends(A)
1625815722.0780141, 1625815724.091109
1625815724.131825, 1625815726.1453745
1625815726.183987, 1625815728.1882982
1625815728.2178893, 1625815730.2285337
1625815730.2980034, 1625815732.301619
