Burst starts (s), Burst ends(A)
1625812185.3525147, 1625812187.3601053
1625812187.5767186, 1625812189.5826442
1625812189.8111753, 1625812191.8206282
1625812192.036715, 1625812194.0487587
1625812194.249437, 1625812196.2560835
