Burst starts (s), Burst ends(A)
1625816582.8386426, 1625816585.2958708
1625816585.3369737, 1625816587.4822962
1625816587.497937, 1625816589.5071418
1625816589.58918, 1625816591.596885
1625816591.6644497, 1625816593.6737998
