Burst starts (s), Burst ends(A)
1625800229.5062354, 1625800231.8490226
1625800231.9217937, 1625800234.073485
1625800234.0979443, 1625800236.1119723
1625800236.1201227, 1625800238.1348996
1625800238.1692417, 1625800240.1778839
