Burst starts (s), Burst ends(A)
1625799276.357444, 1625799278.61201
1625799278.6438131, 1625799280.706373
1625799280.736908, 1625799282.761533
1625799282.779789, 1625799284.7996576
1625799284.834742, 1625799286.9449396
