Burst starts (s), Burst ends(A)
1625813777.4054809, 1625813779.4237604
1625813779.4703074, 1625813781.4807725
1625813781.5470097, 1625813783.5563934
1625813783.5789204, 1625813785.5902677
1625813785.6307518, 1625813787.6438293
