Burst starts (s), Burst ends(A)
1625801491.128352, 1625801493.2189276
1625801493.2420654, 1625801495.242222
1625801495.3143766, 1625801497.316901
1625801497.3791003, 1625801499.3918672
1625801499.429256, 1625801501.8642492
