Burst starts (s), Burst ends(A)
1625818349.872101, 1625818351.8793685
1625818351.9161885, 1625818353.9191859
1625818353.9550903, 1625818355.9618585
1625818356.013483, 1625818358.0163538
1625818358.072153, 1625818360.9990256
