Burst starts (s), Burst ends(A)
1625815229.8739414, 1625815231.8841608
1625815231.9560435, 1625815233.9688592
1625815233.977314, 1625815235.980512
1625815236.007145, 1625815238.0180888
1625815238.0869412, 1625815240.0942872
