Burst starts (s), Burst ends(A)
1625818334.3903854, 1625818336.3948293
1625818336.4202342, 1625818338.4333167
1625818338.4417865, 1625818340.4431427
1625818340.463431, 1625818342.4649854
1625818342.5101974, 1625818344.5253015
