Burst starts (s), Burst ends(A)
1625817919.4908252, 1625817921.5023243
1625817921.542845, 1625817923.557844
1625817923.6082945, 1625817925.6164038
1625817925.6522808, 1625817927.6567786
1625817927.7177587, 1625817929.7300751
