Burst starts (s), Burst ends(A)
1625813838.9817762, 1625813840.9925697
1625813841.0178304, 1625813843.0303087
1625813843.059089, 1625813845.0689504
1625813845.110463, 1625813847.1116502
1625813847.1565242, 1625813849.1649363
