Burst starts (s), Burst ends(A)
1625817781.583744, 1625817783.6086447
1625817783.624484, 1625817785.6263595
1625817785.7039387, 1625817787.7082384
1625817787.752728, 1625817789.7623372
1625817789.809133, 1625817791.8234513
