Burst starts (s), Burst ends(A)
1625801222.6108766, 1625801224.6130538
1625801224.6914442, 1625801226.706623
1625801226.7475512, 1625801228.7598267
1625801228.7994955, 1625801230.8047836
1625801230.8506868, 1625801233.0127113
