Burst starts (s), Burst ends(A)
1625801798.123914, 1625801800.138545
1625801800.1876552, 1625801802.19437
1625801802.2506652, 1625801804.2541835
1625801804.3368647, 1625801806.346752
1625801806.3925004, 1625801808.4029438
