Burst starts (s), Burst ends(A)
1625817750.9407687, 1625817752.9425669
1625817752.9881015, 1625817754.997475
1625817755.0581741, 1625817757.0735755
1625817757.118992, 1625817759.130454
1625817759.1748815, 1625817761.173968
