Burst starts (s), Burst ends(A)
1625816136.6723645, 1625816138.6841388
1625816138.7296238, 1625816140.7383938
1625816140.782099, 1625816142.7814229
1625816142.8529415, 1625816144.8695178
1625816144.8985872, 1625816146.9127479
