Burst starts (s), Burst ends(A)
1626222783.4075835, 1626222785.4338098
1626222785.480715, 1626222787.4861803
1626222787.5043094, 1626222789.529547
1626222789.529547, 1626222791.5504844
1626222791.5673506, 1626222793.588171
