Burst starts (s), Burst ends(A)
1626222565.4866545, 1626222567.502203
1626222567.5790532, 1626222569.5986266
1626222569.6139736, 1626222571.6206987
1626222571.639633, 1626222573.6618133
1626222573.6783924, 1626222575.6956394
