Burst starts (s), Burst ends(A)
1626222953.8970578, 1626222955.9181309
1626222955.9339979, 1626222957.9551306
1626222958.006958, 1626222960.0320692
1626222960.0480716, 1626222962.068374
1626222962.083746, 1626222964.095611
