Burst starts (s), Burst ends(A)
1626223979.9601786, 1626223981.9852304
1626223981.9902802, 1626223984.012766
1626223984.012766, 1626223986.035706
1626223986.0512886, 1626223988.074104
1626223988.089475, 1626223990.1117785
