Burst starts (s), Burst ends(A)
1626222799.0031772, 1626222801.0121853
1626222801.0275238, 1626222803.0537574
1626222803.0693848, 1626222805.0758095
1626222805.139498, 1626222807.1656227
1626222807.196874, 1626222809.2261925
