Burst starts (s), Burst ends(A)
1626222907.3920033, 1626222909.3990223
1626222909.4143784, 1626222911.4425812
1626222911.4750457, 1626222913.4806738
1626222913.5128653, 1626222915.5223958
1626222915.5378747, 1626222917.5587516
