Burst starts (s), Burst ends(A)
1626224181.6085966, 1626224183.6143315
1626224183.6311815, 1626224185.65251
1626224185.684913, 1626224187.6926525
1626224187.7080414, 1626224189.7299874
1626224189.7349935, 1626224191.740123
