Burst starts (s), Burst ends(A)
1626223622.6380932, 1626223624.6443083
1626223624.6758478, 1626223626.6910517
1626223626.706484, 1626223628.719342
1626223628.7347918, 1626223630.7504637
1626223630.7780964, 1626223632.7854223
