Burst starts (s), Burst ends(A)
1626223607.201191, 1626223609.2078485
1626223609.2232347, 1626223611.23304
1626223611.2483852, 1626223613.2701826
1626223613.2855363, 1626223615.3122861
1626223615.3279552, 1626223617.33504
