Burst starts (s), Burst ends(A)
1626222363.454643, 1626222365.4600086
1626222365.4756298, 1626222367.4961593
1626222367.5115433, 1626222369.5198803
1626222369.557489, 1626222371.5619583
1626222371.625987, 1626222373.6527402
