Burst starts (s), Burst ends(A)
1626224088.4400954, 1626224090.4479434
1626224090.463325, 1626224092.4847085
1626224092.5000577, 1626224094.523269
1626224094.5386128, 1626224096.5485775
1626224096.5642424, 1626224098.5885682
