Burst starts (s), Burst ends(A)
1626222814.4179993, 1626222816.4245074
1626222816.4715197, 1626222818.5001392
1626222818.5157678, 1626222820.5227463
1626222820.5382094, 1626222822.5598314
1626222822.612687, 1626222824.634343
