Burst starts (s), Burst ends(A)
1626223545.3395724, 1626223547.3433516
1626223547.359963, 1626223549.368549
1626223549.4062674, 1626223551.4296293
1626223551.4296293, 1626223553.4536564
1626223553.4932606, 1626223555.50093
