Burst starts (s), Burst ends(A)
1626223436.679835, 1626223438.6842747
1626223438.6996145, 1626223440.7213771
1626223440.7588818, 1626223442.7647972
1626223442.7819297, 1626223444.8048446
1626223444.8519938, 1626223446.8785534
