Burst starts (s), Burst ends(A)
1626181431.3695362, 1626181433.3927977
1626181433.3927977, 1626181435.4147246
1626181435.447696, 1626181437.4727757
1626181437.4884362, 1626181439.4959342
1626181439.5125043, 1626181441.5341537
