Burst starts (s), Burst ends(A)
1626181136.91548, 1626181138.921106
1626181138.9538443, 1626181140.9745164
1626181141.0274155, 1626181143.0342588
1626181143.0828247, 1626181145.1026435
1626181145.119375, 1626181147.3269722
