Burst starts (s), Burst ends(A)
1626182346.102864, 1626182348.1271544
1626182348.1477377, 1626182350.170201
1626182350.2012906, 1626182352.2262607
1626182352.2262607, 1626182354.2532127
1626182354.2703016, 1626182356.2925074
