Burst starts (s), Burst ends(A)
1626182315.348152, 1626182317.356481
1626182317.403637, 1626182319.4306507
1626182319.4478016, 1626182321.4744263
1626182321.479867, 1626182323.4939969
1626182323.5469193, 1626182325.5694427
