Burst starts (s), Burst ends(A)
1626180656.545868, 1626180658.570094
1626180658.6016183, 1626180660.6244342
1626180660.6567059, 1626180662.664413
1626180662.6844199, 1626180664.70758
1626180664.7403605, 1626180666.7645152
