Burst starts (s), Burst ends(A)
1626181911.1577663, 1626181913.1802316
1626181913.1955786, 1626181915.2063775
1626181915.2384841, 1626181917.2603645
1626181917.281017, 1626181919.3030639
1626181919.3666065, 1626181921.3920097
