Burst starts (s), Burst ends(A)
1626181880.1157818, 1626181882.1238914
1626181882.1392467, 1626181884.161855
1626181884.1839597, 1626181886.206315
1626181886.206315, 1626181888.2284915
1626181888.2284915, 1626181890.253388
