Burst starts (s), Burst ends(A)
1626182361.5223715, 1626182363.5455356
1626182363.5608437, 1626182365.5668998
1626182365.5885978, 1626182367.5953825
1626182367.6110215, 1626182369.6330242
1626182369.648358, 1626182371.6722362
