Burst starts (s), Burst ends(A)
1626182253.2766922, 1626182255.3010366
1626182255.3163905, 1626182257.3280692
1626182257.3437667, 1626182259.3657572
1626182259.3822086, 1626182261.388096
1626182261.419314, 1626182263.4285538
