Burst starts (s), Burst ends(A)
1626181802.632559, 1626181805.1418748
1626181805.1746662, 1626181807.1982522
1626181807.2135897, 1626181809.2180023
1626181809.2333257, 1626181811.2574768
1626181811.2624938, 1626181813.2846239
