Burst starts (s), Burst ends(A)
1626181245.423186, 1626181247.4277399
1626181247.4589815, 1626181249.4667332
1626181249.4851336, 1626181251.4923878
1626181251.524875, 1626181253.5484936
1626181253.5799289, 1626181255.6055703
