Burst starts (s), Burst ends(A)
1626181833.5992346, 1626181835.6068459
1626181835.642611, 1626181837.6655762
1626181837.680923, 1626181839.6887863
1626181839.7044046, 1626181841.7275293
1626181841.7632875, 1626181843.7857165
