Burst starts (s), Burst ends(A)
1626182129.6599276, 1626182131.6818736
1626182131.6869192, 1626182133.7090683
1626182133.7244377, 1626182135.732498
1626182135.7479537, 1626182137.7720528
1626182137.7874212, 1626182139.7939565
