Burst starts (s), Burst ends(A)
1626181849.163527, 1626181851.1783283
1626181851.1947982, 1626181853.207566
1626181853.2231948, 1626181855.2308354
1626181855.246191, 1626181857.2702622
1626181857.2702622, 1626181859.2969544
