Burst starts (s), Burst ends(A)
1626181462.4141629, 1626181464.4342666
1626181464.449638, 1626181466.4600697
1626181466.4914713, 1626181468.5009215
1626181468.5163124, 1626181470.5384395
1626181470.5932455, 1626181472.6003575
