Burst starts (s), Burst ends(A)
1626181198.6665928, 1626181200.6763403
1626181200.7088284, 1626181202.7350414
1626181202.7664576, 1626181204.7734756
1626181204.8407516, 1626181206.8639064
1626181206.8639064, 1626181208.8865292
