Burst starts (s), Burst ends(A)
1626190820.274874, 1626190822.3130188
1626190822.3180275, 1626190824.341815
1626190824.373054, 1626190826.3803272
1626190826.4115787, 1626190828.4386356
1626190828.4543023, 1626190830.4605906
