Burst starts (s), Burst ends(A)
1626190493.6692464, 1626190495.6927547
1626190495.7083755, 1626190497.7455785
1626190497.7992716, 1626190499.8380463
1626190499.8536642, 1626190501.8815763
1626190501.897251, 1626190503.9358156
