Burst starts (s), Burst ends(A)
1626190680.3562179, 1626190682.3796108
1626190682.3949533, 1626190684.4233263
1626190684.4869022, 1626190686.51131
1626190686.51131, 1626190688.548939
1626190688.564719, 1626190690.5917609
