Burst starts (s), Burst ends(A)
1626189354.2619956, 1626189356.301425
1626189356.3167708, 1626189358.344848
1626189358.360591, 1626189360.3980393
1626189360.4145722, 1626189362.4578774
1626189362.4735324, 1626189364.4948132
