Burst starts (s), Burst ends(A)
1626190664.669274, 1626190666.701271
1626190666.7135036, 1626190668.7356899
1626190668.7510347, 1626190670.773376
1626190670.8061044, 1626190672.8330934
1626190672.8500533, 1626190674.8869822
