Burst starts (s), Burst ends(A)
1626189291.9732206, 1626189293.9949598
1626189294.0156713, 1626189296.023545
1626189296.0562346, 1626189298.0944507
1626189298.0944507, 1626189300.1358206
1626189300.1514888, 1626189302.1750574
