Burst starts (s), Burst ends(A)
1626189448.380462, 1626189450.4063058
1626189450.4421854, 1626189452.4815862
1626189452.4815862, 1626189454.5154235
1626189454.530851, 1626189456.5632014
1626189456.6113484, 1626189458.6350703
