Burst starts (s), Burst ends(A)
1626190912.8627126, 1626190914.8858337
1626190914.9014602, 1626190916.928743
1626190916.944375, 1626190918.9821074
1626190919.0132182, 1626190921.0367773
1626190921.0571144, 1626190923.080412
