Burst starts (s), Burst ends(A)
1626190897.3971255, 1626190899.4226139
1626190899.4382331, 1626190901.4438844
1626190901.4749599, 1626190903.4843564
1626190903.4999845, 1626190905.507236
1626190905.5238843, 1626190907.5475237
