Burst starts (s), Burst ends(A)
1626189401.8770816, 1626189403.915453
1626189403.9307914, 1626189405.9545648
1626189405.9704778, 1626189408.0127907
1626189408.0281262, 1626189410.051627
1626189410.0827284, 1626189412.1100562
