Burst starts (s), Burst ends(A)
1626189917.0003364, 1626189919.0441837
1626189919.0599155, 1626189921.0983295
1626189921.11367, 1626189923.1423018
1626189923.1591895, 1626189925.1977005
1626189925.1977005, 1626189927.2370167
