Burst starts (s), Burst ends(A)
1626189103.1972373, 1626189105.3037963
1626189105.319674, 1626189107.4084852
1626189107.425253, 1626189109.5338316
1626189109.571434, 1626189111.6628904
1626189111.6798134, 1626189113.7501583
