Burst starts (s), Burst ends(A)
1626190274.526553, 1626190276.563866
1626190276.6158988, 1626190278.6536288
1626190278.7064092, 1626190280.7309215
1626190280.7473564, 1626190282.7709312
1626190282.7865996, 1626190284.828515
