Burst starts (s), Burst ends(A)
1626189119.208409, 1626189121.5231516
1626189121.539559, 1626189123.6181023
1626189123.6817822, 1626189125.7904482
1626189125.826501, 1626189127.9137197
1626189127.9499362, 1626189130.025509
