Burst starts (s), Burst ends(A)
1626189417.28991, 1626189419.3109655
1626189419.3338094, 1626189421.3712466
1626189421.4222758, 1626189423.4650364
1626189423.4806538, 1626189425.5040011
1626189425.5193436, 1626189427.561863
