Burst starts (s), Burst ends(A)
1625547660.7780035, 1625547662.8046265
1625547662.8106105, 1625547664.8362668
1625547664.8422513, 1625547667.474889
1625547667.4838738, 1625547669.5592425
