Burst starts (s), Burst ends(A)
1625550490.7399716, 1625550492.76432
1625550492.8064952, 1625550494.830344
1625550494.8634505, 1625550496.8863156
1625550496.914451, 1625550498.9283247
