Burst starts (s), Burst ends(A)
1625547261.4862602, 1625547263.5296206
1625547263.5793734, 1625547265.611917
1625547265.678, 1625547267.7108417
1625547267.7291803, 1625547269.7443871
