Burst starts (s), Burst ends(A)
1625547147.9601023, 1625547149.9767516
1625547150.009798, 1625547152.0292222
1625547152.0795581, 1625547154.1052933
1625547154.1579385, 1625547156.1894646
