Burst starts (s), Burst ends(A)
1625547760.777986, 1625547762.8076713
1625547762.8558903, 1625547764.8755357
1625547764.9469225, 1625547766.9682574
1625547766.9811504, 1625547769.0008647
