Burst starts (s), Burst ends(A)
1625550303.2399669, 1625550305.2562206
1625550305.2836976, 1625550307.3133543
1625550307.3313258, 1625550309.3690672
1625550309.4716413, 1625550311.498144
