Burst starts (s), Burst ends(A)
1625550404.2649057, 1625550406.2843966
1625550406.3048162, 1625550408.321609
1625550408.3366258, 1625550410.3584502
1625550410.392078, 1625550413.309464
