Burst starts (s), Burst ends(A)
1625547703.7181098, 1625547705.7419963
1625547705.8128154, 1625547707.833302
1625547707.8586516, 1625547709.8747091
1625547709.9176111, 1625547711.9349666
