Burst starts (s), Burst ends(A)
1625547461.4953275, 1625547463.5276692
1625547463.591109, 1625547465.6228755
1625547465.663264, 1625547467.684319
1625547467.6928089, 1625547469.7206564
