Burst starts (s), Burst ends(A)
1626144549.4528716, 1626144551.4591315
1626144551.4747941, 1626144553.4985948
1626144553.514245, 1626144555.5188541
1626144555.5500891, 1626144557.5762258
1626144557.5792322, 1626144559.6021683
