Burst starts (s), Burst ends(A)
1626148121.1032155, 1626148123.1105244
1626148123.1258934, 1626148125.1486294
1626148125.153636, 1626148127.1605334
1626148127.2089515, 1626148129.2138743
1626148129.2291236, 1626148131.2513235
