Burst starts (s), Burst ends(A)
1626145902.5731435, 1626145904.5975688
1626145904.6131852, 1626145906.622945
1626145906.6383243, 1626145908.6589746
1626145908.675571, 1626145910.7010684
1626145910.7385857, 1626145912.762344
