Burst starts (s), Burst ends(A)
1626147004.6146996, 1626147006.6210754
1626147006.6692076, 1626147008.6968386
1626147008.7136078, 1626147010.7190537
1626147010.7828455, 1626147012.812263
1626147012.8437002, 1626147014.8577266
