Burst starts (s), Burst ends(A)
1626147455.1495385, 1626147457.1666415
1626147457.2238605, 1626147459.248956
1626147459.264302, 1626147461.3243096
1626147461.3399324, 1626147463.3597484
1626147463.3907545, 1626147465.4146404
