Burst starts (s), Burst ends(A)
1626145809.379897, 1626145811.387729
1626145811.4209917, 1626145813.4426298
1626145813.4578767, 1626145815.4647162
1626145815.4835472, 1626145817.4900277
1626145817.5213535, 1626145819.527662
