Burst starts (s), Burst ends(A)
1626143601.9621758, 1626143603.9661427
1626143603.9814777, 1626143605.98822
1626143606.020548, 1626143608.0480886
1626143608.096691, 1626143610.1165934
1626143610.1318293, 1626143612.139974
