Burst starts (s), Burst ends(A)
1626146320.975596, 1626146322.9959936
1626146323.0126576, 1626146325.021358
1626146325.0417538, 1626146327.050019
1626146327.06566, 1626146329.0725126
1626146329.0879006, 1626146331.096395
