Burst starts (s), Burst ends(A)
1626146879.703534, 1626146881.7089574
1626146881.724576, 1626146883.7464716
1626146883.7664535, 1626146885.788623
1626146885.788623, 1626146887.8120818
1626146887.827343, 1626146889.8343148
