Burst starts (s), Burst ends(A)
1626148090.1402774, 1626148092.1491237
1626148092.1648982, 1626148094.1860802
1626148094.2173238, 1626148096.2397618
1626148096.2935133, 1626148098.3160007
1626148098.3313966, 1626148100.3375905
