Burst starts (s), Burst ends(A)
1626146740.2901464, 1626146742.3122547
1626146742.3172753, 1626146744.3244221
1626146744.4037356, 1626146746.4251254
1626146746.4771264, 1626146748.5001392
1626146748.5157955, 1626146750.5237083
