Burst starts (s), Burst ends(A)
1626148183.1688652, 1626148185.19177
1626148185.2071323, 1626148187.2499819
1626148187.2765656, 1626148189.302621
1626148189.3337853, 1626148191.3580952
1626148191.395209, 1626148193.4190097
