Burst starts (s), Burst ends(A)
1626147113.3234787, 1626147115.3613524
1626147115.3663938, 1626147117.405197
1626147117.422257, 1626147119.462007
1626147119.462007, 1626147121.4863791
1626147121.5020447, 1626147123.5332236
