Burst starts (s), Burst ends(A)
1626144784.1133468, 1626144786.1218374
1626144786.1375992, 1626144788.161005
1626144788.1769595, 1626144790.197736
1626144790.197736, 1626144792.204796
1626144792.2250452, 1626144794.231186
