Burst starts (s), Burst ends(A)
1626148385.146821, 1626148387.1772141
1626148387.1991522, 1626148389.2242985
1626148389.2401323, 1626148391.2827866
1626148391.2981377, 1626148393.3054867
1626148393.3208435, 1626148395.36223
