Burst starts (s), Burst ends(A)
1626143586.327611, 1626143588.3348749
1626143588.373266, 1626143590.3884897
1626143590.3935087, 1626143592.4165668
1626143592.4319627, 1626143594.456235
1626143594.47161, 1626143596.4771218
