Burst starts (s), Burst ends(A)
1626144846.8677585, 1626144848.8738515
1626144848.9096384, 1626144850.946311
1626144850.962212, 1626144852.9910097
1626144853.0065658, 1626144855.0298026
1626144855.0507452, 1626144857.0747101
