Burst starts (s), Burst ends(A)
1626147144.4540005, 1626147146.4902923
1626147146.5059671, 1626147148.531265
1626147148.5622592, 1626147150.6032486
1626147150.6062884, 1626147152.6436644
1626147152.6590288, 1626147154.7009494
