Burst starts (s), Burst ends(A)
1626144315.3255134, 1626144317.343818
1626144317.3592145, 1626144319.3828404
1626144319.4362583, 1626144321.4568596
1626144321.5393188, 1626144323.5614512
1626144323.6096883, 1626144325.6714413
