Burst starts (s), Burst ends(A)
1626144752.968131, 1626144754.9819891
1626144755.057827, 1626144757.0675182
1626144757.1206474, 1626144759.142252
1626144759.142252, 1626144761.1677544
1626144761.1989994, 1626144763.2256064
