Burst starts (s), Burst ends(A)
1626146243.1255543, 1626146245.133845
1626146245.1491206, 1626146247.1540992
1626146247.1756449, 1626146249.383232
1626146249.398896, 1626146251.7398608
1626146251.791625, 1626146253.8157458
