Burst starts (s), Burst ends(A)
1626146367.5081747, 1626146369.5298114
1626146369.5298114, 1626146371.5522017
1626146371.5522017, 1626146373.5760143
1626146373.5960557, 1626146375.619061
1626146375.619061, 1626146377.6410503
