Burst starts (s), Burst ends(A)
1626145576.3534725, 1626145578.3643997
1626145578.3817086, 1626145580.4024222
1626145580.4188724, 1626145582.425621
1626145582.4412472, 1626145584.4624865
1626145584.48254, 1626145586.5062222
