Burst starts (s), Burst ends(A)
1626143679.4050949, 1626143681.427997
1626143681.4448278, 1626143683.4656732
1626143683.518955, 1626143685.5399117
1626143685.5769775, 1626143687.5785224
1626143687.5984032, 1626143689.6057217
