Burst starts (s), Burst ends(A)
1626148277.227265, 1626148279.2484608
1626148279.317028, 1626148281.3407881
1626148281.3563614, 1626148283.376169
1626148283.391502, 1626148285.4213111
1626148285.4555979, 1626148287.4745302
