Burst starts (s), Burst ends(A)
1626147656.5511007, 1626147658.623046
1626147658.623046, 1626147660.6502469
1626147660.6659143, 1626147662.6733472
1626147662.7044735, 1626147664.7122576
1626147664.7653568, 1626147666.7878876
