Burst starts (s), Burst ends(A)
1626148354.223024, 1626148356.246126
1626148356.266639, 1626148358.2902627
1626148358.2902627, 1626148360.3113904
1626148360.3113904, 1626148362.3514762
1626148362.37153, 1626148364.3831124
