Burst starts (s), Burst ends(A)
1626144816.1003835, 1626144818.1230426
1626144818.1540544, 1626144820.1783383
1626144820.1939485, 1626144822.21694
1626144822.2388542, 1626144824.2600558
1626144824.2756753, 1626144826.294379
