Burst starts (s), Burst ends(A)
1626184542.0623326, 1626184544.0867438
1626184544.102652, 1626184546.12436
1626184546.12436, 1626184548.145319
1626184548.1606112, 1626184550.1696582
1626184550.1696582, 1626184552.1970222
