Burst starts (s), Burst ends(A)
1626183597.0744693, 1626183599.0972183
1626183599.1505518, 1626183601.174013
1626183601.174013, 1626183603.1966565
1626183603.2122755, 1626183605.217109
1626183605.2324862, 1626183607.2564044
