Burst starts (s), Burst ends(A)
1626182506.3900874, 1626182508.4130127
1626182508.428634, 1626182510.4519222
1626182510.4519222, 1626182512.4741461
1626182512.4741461, 1626182514.501696
1626182514.5485682, 1626182516.5573225
