Burst starts (s), Burst ends(A)
1626184309.7847724, 1626184311.8070285
1626184311.8223736, 1626184313.829641
1626184313.8500254, 1626184315.8569188
1626184315.872584, 1626184317.8842788
1626184317.900194, 1626184319.9222417
