Burst starts (s), Burst ends(A)
1626183874.89977, 1626183876.924486
1626183876.9404523, 1626183878.963278
1626183878.979222, 1626183880.9999936
1626183880.9999936, 1626183883.0442195
1626183883.0598464, 1626183885.0822148
