Burst starts (s), Burst ends(A)
1626183643.4028144, 1626183645.4104962
1626183645.430884, 1626183648.3203883
1626183648.3357143, 1626183650.3471386
1626183650.3629613, 1626183652.3863804
1626183652.4022775, 1626183654.4258263
