Burst starts (s), Burst ends(A)
1626182412.2437487, 1626182414.2514255
1626182414.2683594, 1626182416.2907765
1626182416.3229067, 1626182418.3454378
1626182418.3661387, 1626182420.3725207
1626182420.3881826, 1626182422.39611
