Burst starts (s), Burst ends(A)
1626183952.2490287, 1626183954.2748165
1626183954.2904503, 1626183956.31418
1626183956.31418, 1626183958.3375797
1626183958.3375797, 1626183960.35804
1626183960.3736656, 1626183962.401127
