Burst starts (s), Burst ends(A)
1626183905.75296, 1626183907.8058906
1626183907.8069217, 1626183909.9506547
1626183909.965997, 1626183912.041529
1626183912.0571935, 1626183914.0644412
1626183914.079824, 1626183916.1022062
