Burst starts (s), Burst ends(A)
1626183658.7151678, 1626183660.720636
1626183660.736011, 1626183662.7589946
1626183662.7791326, 1626183664.8029034
1626183664.8707008, 1626183666.8782103
1626183666.926548, 1626183668.9320378
