Burst starts (s), Burst ends(A)
1626183705.2162697, 1626183707.237823
1626183707.237823, 1626183709.2627077
1626183709.2627077, 1626183711.2856708
1626183711.3012922, 1626183713.3602622
1626183713.3602622, 1626183715.3821404
