Burst starts (s), Burst ends(A)
1626182909.6975784, 1626182911.7246377
1626182911.740265, 1626182913.7473693
1626182913.7783833, 1626182915.8025858
1626182915.8182404, 1626182917.8251917
1626182917.877019, 1626182919.9010108
