Burst starts (s), Burst ends(A)
1626184418.1569045, 1626184420.1696603
1626184420.185645, 1626184422.207741
1626184422.2230713, 1626184424.2301552
1626184424.2614026, 1626184426.286101
1626184426.3078072, 1626184428.3309147
