Burst starts (s), Burst ends(A)
1626183736.157798, 1626183738.178455
1626183738.1938288, 1626183740.2139533
1626183740.2686067, 1626183742.2964342
1626183742.3123252, 1626183744.338858
1626183744.3545249, 1626183746.3608987
