Burst starts (s), Burst ends(A)
1626184480.1050782, 1626184482.1112363
1626184482.1799874, 1626184484.2030804
1626184484.218415, 1626184486.2255282
1626184486.2566533, 1626184488.2830071
1626184488.314547, 1626184490.338231
