Burst starts (s), Burst ends(A)
1626182568.3976514, 1626182570.405066
1626182570.4208086, 1626182572.4435885
1626182572.474709, 1626182574.487869
1626182574.5481358, 1626182576.5571258
1626182576.6241622, 1626182578.6461625
