Burst starts (s), Burst ends(A)
1626183533.9498384, 1626183535.956426
1626183536.0035892, 1626183538.027661
1626183538.0430021, 1626183540.069953
1626183540.069953, 1626183542.092229
1626183542.092229, 1626183544.1157334
