Burst starts (s), Burst ends(A)
1626183378.4166884, 1626183380.4250934
1626183380.440431, 1626183382.4464004
1626183382.4989667, 1626183384.7545187
1626183384.7701488, 1626183386.7967017
1626183386.8439226, 1626183388.8525436
