Burst starts (s), Burst ends(A)
1626183518.4160197, 1626183520.4389231
1626183520.454923, 1626183522.4754918
1626183522.491314, 1626183524.5508258
1626183524.619221, 1626183526.641372
1626183526.658352, 1626183528.6821651
