Burst starts (s), Burst ends(A)
1626172764.1992524, 1626172766.7728422
1626172766.8247378, 1626172768.8792703
1626172768.9313943, 1626172770.9546845
1626172770.9546845, 1626172772.9774702
1626172773.0631113, 1626172775.0807252
