Burst starts (s), Burst ends(A)
1626171849.3126364, 1626171851.333958
1626171851.350574, 1626171853.358091
1626171853.3815987, 1626171855.384693
1626171855.4352124, 1626171857.4570122
1626171857.506966, 1626171859.5276706
