Burst starts (s), Burst ends(A)
1626173260.3013453, 1626173262.3081565
1626173262.3409138, 1626173264.3638341
1626173264.3794599, 1626173266.4015265
1626173266.4215562, 1626173268.4343133
1626173268.450214, 1626173270.4662416
