Burst starts (s), Burst ends(A)
1626171429.865031, 1626171431.872563
1626171431.8929772, 1626171433.9007587
1626171433.9163928, 1626171435.9257472
1626171435.941493, 1626171437.9644809
1626171437.9957225, 1626171440.0229225
