Burst starts (s), Burst ends(A)
1626171491.5097823, 1626171493.5155666
1626171493.5310364, 1626171495.5526197
1626171495.5852191, 1626171497.6091554
1626171497.646978, 1626171499.6692214
1626171499.7211285, 1626171501.728298
