Burst starts (s), Burst ends(A)
1626172251.5960653, 1626172253.6069596
1626172253.6229541, 1626172255.6440701
1626172255.6440701, 1626172257.6997366
1626172257.7201183, 1626172259.745043
1626172259.7622006, 1626172261.7811542
