Burst starts (s), Burst ends(A)
1626173183.2378223, 1626173185.2501895
1626173185.2658172, 1626173187.2731476
1626173187.3041165, 1626173189.3805008
1626173189.3958604, 1626173191.4207194
1626173191.4207194, 1626173193.442823
