Burst starts (s), Burst ends(A)
1626171724.6867955, 1626171726.6950011
1626171726.7103603, 1626171728.7173908
1626171728.7485266, 1626171730.7717907
1626171730.7922313, 1626171732.8165376
1626171732.8165376, 1626171734.8400524
