Burst starts (s), Burst ends(A)
1626172825.9557993, 1626172827.9638124
1626172828.015271, 1626172830.0374727
1626172830.0374727, 1626172832.0611932
1626172832.0611932, 1626172834.0816345
1626172834.1344874, 1626172836.1411402
