Burst starts (s), Burst ends(A)
1626171802.8762314, 1626171804.8992314
1626171804.9196374, 1626171806.942451
1626171806.974047, 1626171808.9815915
1626171809.0335116, 1626171811.0398407
1626171811.055668, 1626171813.061809
