Burst starts (s), Burst ends(A)
1626172748.5968175, 1626172750.6044173
1626172750.620949, 1626172752.6294258
1626172752.6712635, 1626172754.6878128
1626172754.7033312, 1626172756.7128594
1626172756.728482, 1626172758.747425
