Burst starts (s), Burst ends(A)
1626173214.0597987, 1626173216.069349
1626173216.1178732, 1626173218.176061
1626173218.2385354, 1626173220.4687798
1626173220.5222378, 1626173222.5384417
1626173222.5394752, 1626173224.5612028
