Burst starts (s), Burst ends(A)
1626172484.3572183, 1626172486.3692732
1626172486.4176438, 1626172488.4409173
1626172488.4562662, 1626172490.4831822
1626172490.515958, 1626172492.5224843
1626172492.5696247, 1626172494.5967581
