Burst starts (s), Burst ends(A)
1626171926.3523486, 1626171928.3751748
1626171928.39054, 1626171930.413347
1626171930.413347, 1626171932.4347665
1626171932.4551914, 1626171934.4770396
1626171934.4770396, 1626171936.4999907
