Burst starts (s), Burst ends(A)
1626227425.2491267, 1626227427.272171
1626227427.2925158, 1626227429.2993555
1626227429.3307316, 1626227431.3400018
1626227431.3865833, 1626227433.3851595
1626227433.4010048, 1626227435.420426
