Burst starts (s), Burst ends(A)
1626227129.2975519, 1626227131.3190324
1626227131.3344188, 1626227133.3438652
1626227133.395286, 1626227135.4012282
1626227135.4654667, 1626227137.4740384
1626227137.507333, 1626227139.514015
