Burst starts (s), Burst ends(A)
1626192210.8742797, 1626192212.8952293
1626192212.9199378, 1626192214.944166
1626192214.959498, 1626192216.9827764
1626192217.0358922, 1626192219.0709918
1626192219.1019864, 1626192221.1280954
