Burst starts (s), Burst ends(A)
1626191325.534562, 1626191327.5419543
1626191327.5573182, 1626191329.581772
1626191329.6336632, 1626191331.6559534
1626191331.671331, 1626191333.695645
1626191333.731431, 1626191335.753956
