Burst starts (s), Burst ends(A)
1626193173.0019746, 1626193175.0094204
1626193175.0299242, 1626193177.0524583
1626193177.0680757, 1626193179.0912364
1626193179.1224678, 1626193181.1498687
1626193181.1677544, 1626193183.1878808
