Burst starts (s), Burst ends(A)
1626192723.3521156, 1626192725.5393784
1626192725.575264, 1626192727.5984137
1626192727.645082, 1626192729.6516979
1626192729.673914, 1626192731.6988642
1626192731.7459037, 1626192733.7687612
