Burst starts (s), Burst ends(A)
1626227269.6194916, 1626227271.6391194
1626227271.670125, 1626227273.6819675
1626227273.728837, 1626227275.735953
1626227275.7513332, 1626227277.7753553
1626227277.790702, 1626227279.8021748
