Burst starts (s), Burst ends(A)
1626227098.0797765, 1626227100.1055048
1626227100.156756, 1626227102.1642895
1626227102.1810956, 1626227104.2031493
1626227104.2188015, 1626227106.2433052
1626227106.3273354, 1626227108.3323195
