Burst starts (s), Burst ends(A)
1626227487.3052218, 1626227489.326577
1626227489.3419483, 1626227491.3666062
1626227491.3819864, 1626227493.3887768
1626227493.426323, 1626227495.432395
1626227495.447737, 1626227497.4714806
