Burst starts (s), Burst ends(A)
1626227316.5852413, 1626227318.5922756
1626227318.6088467, 1626227320.626668
1626227320.6352408, 1626227322.6584675
1626227322.6894228, 1626227324.700424
1626227324.7504053, 1626227326.7747753
