Burst starts (s), Burst ends(A)
1626193421.2804573, 1626193423.2863085
1626193423.3173065, 1626193425.3258457
1626193425.3415089, 1626193427.3636813
1626193427.3793378, 1626193429.393936
1626193429.411071, 1626193431.4353943
