Burst starts (s), Burst ends(A)
1626192257.250202, 1626192259.2739584
1626192259.3064444, 1626192261.3278558
1626192261.37973, 1626192264.1036806
1626192264.1194992, 1626192266.19305
1626192266.2087958, 1626192268.2296169
