Burst starts (s), Burst ends(A)
1626228501.8353925, 1626228503.9742823
1626228504.0082002, 1626228506.0290508
1626228506.033557, 1626228508.0400531
1626228508.0728195, 1626228510.0928457
1626228510.1413152, 1626228512.1512735
