Burst starts (s), Burst ends(A)
1626228517.4651146, 1626228519.487254
1626228519.5182488, 1626228521.541601
1626228521.5776584, 1626228523.5990858
1626228523.614454, 1626228525.6397357
1626228525.6397357, 1626228527.6609902
