Burst starts (s), Burst ends(A)
1626193328.160218, 1626193330.1702712
1626193330.1906374, 1626193332.2296915
1626193332.245035, 1626193334.255798
1626193334.2870414, 1626193336.3146439
1626193336.3302727, 1626193338.3602083
