Burst starts (s), Burst ends(A)
1626193111.181781, 1626193113.1873236
1626193113.2029538, 1626193115.2260108
1626193115.2428195, 1626193117.2633526
1626193117.3008332, 1626193119.3269408
1626193119.3427684, 1626193121.3654225
