Burst starts (s), Burst ends(A)
1626192536.2581327, 1626192538.278262
1626192538.2947633, 1626192540.3080487
1626192540.3236861, 1626192542.3457916
1626192542.3611321, 1626192544.367548
1626192544.4205182, 1626192546.4450555
