Burst starts (s), Burst ends(A)
1626191698.6160548, 1626191700.639325
1626191700.6546838, 1626191702.6783006
1626191702.6938615, 1626191704.7002509
1626191704.721912, 1626191706.7435217
1626191706.774823, 1626191708.7958844
