Burst starts (s), Burst ends(A)
1626192303.695961, 1626192305.721673
1626192305.737008, 1626192307.760435
1626192307.8293574, 1626192309.8672931
1626192309.8829143, 1626192311.9062495
1626192311.926604, 1626192313.9646127
