Burst starts (s), Burst ends(A)
1626227909.2242956, 1626227911.2316272
1626227911.2472517, 1626227913.2684543
1626227913.3215964, 1626227915.335078
1626227915.367909, 1626227917.390645
1626227917.4063036, 1626227919.4305372
