Burst starts (s), Burst ends(A)
1626228486.4631639, 1626228488.4738114
1626228488.4894779, 1626228490.4966588
1626228490.5119748, 1626228492.5345037
1626228492.551302, 1626228494.5565205
1626228494.5938232, 1626228496.6023529
