Burst starts (s), Burst ends(A)
1626192971.5772915, 1626192973.5817895
1626192973.6357288, 1626192975.6586487
1626192975.6910622, 1626192977.6978745
1626192977.7133708, 1626192979.7415438
1626192979.7574563, 1626192981.7963328
