Burst starts (s), Burst ends(A)
1626192179.8599243, 1626192181.8830001
1626192181.9364676, 1626192183.9902468
1626192184.0417829, 1626192186.0662
1626192186.0974438, 1626192188.1232781
1626192188.2026508, 1626192190.2250714
