Burst starts (s), Burst ends(A)
1626193312.5769856, 1626193314.5836031
1626193314.636998, 1626193316.660672
1626193316.6921973, 1626193318.7149894
1626193318.7303393, 1626193320.754916
1626193320.8205333, 1626193322.8455722
