Burst starts (s), Burst ends(A)
1626228953.2695558, 1626228955.2906058
1626228955.2951114, 1626228957.3027823
1626228957.335492, 1626228959.355747
1626228959.3711169, 1626228961.392143
1626228961.4141436, 1626228963.4205906
