Burst starts (s), Burst ends(A)
1626191745.0489602, 1626191747.0711198
1626191747.119056, 1626191749.1291785
1626191749.1633503, 1626191751.170452
1626191751.20457, 1626191753.2255487
1626191753.241013, 1626191755.2636592
