Burst starts (s), Burst ends(A)
1626228205.8962717, 1626228207.9043155
1626228207.9335806, 1626228209.943894
1626228209.9594855, 1626228211.9685714
1626228211.9840367, 1626228214.0114532
1626228214.0114532, 1626228216.036219
