Burst starts (s), Burst ends(A)
1625739357.9590068, 1625739359.9833238
1625739359.9986942, 1625739362.0121126
1625739362.028016, 1625739364.0533311
1625739364.0672626, 1625739366.0820923
1625739366.1020958, 1625739368.116597
