Burst starts (s), Burst ends(A)
1625732398.2019787, 1625732400.2213655
1625732400.2776134, 1625732402.289397
1625732402.3192675, 1625732404.3341355
1625732404.3639731, 1625732406.3783143
1625732406.3892431, 1625732408.403133
