Burst starts (s), Burst ends(A)
1625732537.1759512, 1625732539.1931179
1625732539.2554867, 1625732541.2668676
1625732541.3164375, 1625732543.3308508
1625732543.3849182, 1625732545.398998
1625732545.4444213, 1625732547.4593
