Burst starts (s), Burst ends(A)
1625732259.153352, 1625732261.1658692
1625732261.2062733, 1625732263.229993
1625732263.290338, 1625732265.2949054
1625732265.3620863, 1625732267.3692498
1625732267.458257, 1625732269.4702308
