Burst starts (s), Burst ends(A)
1625738652.9022043, 1625738654.914734
1625738654.9383864, 1625738656.9373422
1625738656.9694595, 1625738658.9925132
1625738659.008127, 1625738661.03022
1625738661.0807881, 1625738663.0915747
