Burst starts (s), Burst ends(A)
1625733751.484648, 1625733753.8246932
1625733753.878163, 1625733755.931708
1625733755.9470122, 1625733757.9588504
1625733757.9919798, 1625733760.3678186
1625733760.400533, 1625733762.741666
