Burst starts (s), Burst ends(A)
1625732181.462756, 1625732183.4831908
1625732183.572105, 1625732185.577138
1625732185.6479285, 1625732187.6620634
1625732187.7070696, 1625732189.7204745
1625732189.7814515, 1625732191.7953372
