Burst starts (s), Burst ends(A)
1625732103.090674, 1625732105.105811
1625732105.1753495, 1625732107.191314
1625732107.2103994, 1625732109.2238412
1625732109.2504566, 1625732111.262755
1625732111.3044374, 1625732113.3222804
