Burst starts (s), Burst ends(A)
1625731401.7931628, 1625731403.8188958
1625731403.8944554, 1625731405.904388
1625731405.9971197, 1625731408.0269692
1625731408.0835588, 1625731410.102883
1625731410.15883, 1625731412.1721623
