Burst starts (s), Burst ends(A)
1625740405.6424587, 1625740407.6644423
1625740407.6644423, 1625740409.6887069
1625740409.7043254, 1625740411.7120068
1625740411.7276628, 1625740413.7502687
1625740413.7659185, 1625740415.8428013
