Burst starts (s), Burst ends(A)
1625732474.939373, 1625732476.9503376
1625732477.0058188, 1625732479.018347
1625732479.079992, 1625732481.093295
1625732481.149864, 1625732483.1646976
1625732483.196459, 1625732485.2095501
