Burst starts (s), Burst ends(A)
1625740172.1722763, 1625740174.1939394
1625740174.2314854, 1625740176.239151
1625740176.271846, 1625740178.2955294
1625740178.3268049, 1625740180.3346822
1625740180.3707595, 1625740182.37915
