Burst starts (s), Burst ends(A)
1625739921.3603868, 1625739923.3671806
1625739923.3836923, 1625739925.3905425
1625739925.4071236, 1625739927.4307299
1625739927.4828203, 1625739929.5098372
1625739929.5098372, 1625739931.530713
