Burst starts (s), Burst ends(A)
1625733545.3586314, 1625733547.6025052
1625733547.687001, 1625733549.8440688
1625733549.8595653, 1625733551.8874304
1625733551.90334, 1625733553.9289677
1625733553.9448617, 1625733555.9647944
