Burst starts (s), Burst ends(A)
1625738920.1496139, 1625738922.1986709
1625738922.2142906, 1625738924.2197278
1625738924.2883582, 1625738926.3115473
1625738926.3284724, 1625738928.3519964
1625738928.3676002, 1625738930.3757749
