Burst starts (s), Burst ends(A)
1625740203.2336648, 1625740205.248929
1625740205.2625608, 1625740207.2784371
1625740207.2923055, 1625740209.3070228
1625740209.3402138, 1625740211.3551757
1625740211.3695772, 1625740213.3688464
