Burst starts (s), Burst ends(A)
1625731713.1904128, 1625731715.2062871
1625731715.2368643, 1625731717.249341
1625731717.297288, 1625731719.3082032
1625731719.3638377, 1625731721.3777566
1625731721.4287794, 1625731723.4380667
