Burst starts (s), Burst ends(A)
1625740250.2259512, 1625740252.2496798
1625740252.265573, 1625740254.288407
1625740254.3196454, 1625740256.3478327
1625740256.3790386, 1625740258.389285
1625740258.4406917, 1625740260.4639146
