Burst starts (s), Burst ends(A)
1625738543.9090753, 1625738545.9348626
1625738545.9660969, 1625738547.9925282
1625738548.0084302, 1625738550.0316727
1625738550.0470192, 1625738552.0559082
1625738552.1073434, 1625738554.113923
