Burst starts (s), Burst ends(A)
1625740483.1512966, 1625740485.159345
1625740485.216768, 1625740487.2344923
1625740487.2515683, 1625740489.2806566
1625740489.3134563, 1625740491.3291318
1625740491.3651292, 1625740493.3885784
