Burst starts (s), Burst ends(A)
1625731526.3213344, 1625731528.345368
1625731528.367886, 1625731530.373926
1625731530.4143226, 1625731532.428725
1625731532.5211508, 1625731534.5340962
1625731534.6158254, 1625731536.625792
