Burst starts (s), Burst ends(A)
1625732351.8093061, 1625732353.8106472
1625732353.8514762, 1625732355.8629239
1625732355.9327497, 1625732357.947186
1625732357.9689953, 1625732359.9864006
1625732360.0619166, 1625732362.075845
