Burst starts (s), Burst ends(A)
1625740829.782389, 1625740831.806835
1625740831.8224425, 1625740833.8448076
1625740833.849312, 1625740835.8572593
1625740835.9213545, 1625740837.944043
1625740837.944043, 1625740839.9719615
