Burst starts (s), Burst ends(A)
1625738431.6725411, 1625738433.694829
1625738433.748041, 1625738435.7690098
1625738435.8010762, 1625738437.8207924
1625738437.8414638, 1625738439.861484
1625738439.9093637, 1625738441.9288166
