Burst starts (s), Burst ends(A)
1625740891.5222547, 1625740893.5449374
1625740893.5494428, 1625740895.5729518
1625740895.58989, 1625740897.6134293
1625740897.6134293, 1625740899.6388276
1625740899.654733, 1625740901.6798701
