Burst starts (s), Burst ends(A)
1625733521.5078738, 1625733523.7299967
1625733523.7983994, 1625733527.9560435
1625733527.9872596, 1625733531.3186166
1625733531.357686, 1625733536.7183912
1625733536.7552032, 1625733539.0959156
