Burst starts (s), Burst ends(A)
1625732630.4640477, 1625732632.4937224
1625732632.5615346, 1625732634.5661666
1625732634.6115637, 1625732636.6217668
1625732636.6774747, 1625732638.696966
1625732638.7621357, 1625732640.770894
