Burst starts (s), Burst ends(A)
1625740687.5241206, 1625740689.5302436
1625740689.551829, 1625740691.5593193
1625740691.6072874, 1625740693.7004273
1625740693.7673306, 1625740695.789674
1625740695.8219914, 1625740697.8296492
